-- --------------------------------------------------------
-- Host:                         127.0.0.1
-- Server version:               PostgreSQL 13.1, compiled by Visual C++ build 1914, 64-bit
-- Server OS:                    
-- HeidiSQL Version:             11.1.0.6116
-- --------------------------------------------------------

/*!40101 SET @OLD_CHARACTER_SET_CLIENT=@@CHARACTER_SET_CLIENT */;
/*!40101 SET NAMES  */;
/*!40014 SET @OLD_FOREIGN_KEY_CHECKS=@@FOREIGN_KEY_CHECKS, FOREIGN_KEY_CHECKS=0 */;
/*!40101 SET @OLD_SQL_MODE=@@SQL_MODE, SQL_MODE='NO_AUTO_VALUE_ON_ZERO' */;
/*!40111 SET @OLD_SQL_NOTES=@@SQL_NOTES, SQL_NOTES=0 */;

-- Dumping structure for table public.akuns
CREATE TABLE IF NOT EXISTS "akuns" (
	"path" TEXT NOT NULL,
	"kode" TEXT NOT NULL,
	"parent_id_path" TEXT NOT NULL,
	"parent_id" TEXT NOT NULL,
	"id" BIGINT NOT NULL DEFAULT 'nextval(''akuns_id_seq''::regclass)',
	"uraian" TEXT NOT NULL,
	"volume" BIGINT NOT NULL,
	"satuan" TEXT NOT NULL,
	"hargasat" BIGINT NOT NULL,
	"jumlah" BIGINT NOT NULL,
	"sumber" TEXT NULL DEFAULT NULL,
	"level" INTEGER NOT NULL,
	PRIMARY KEY ("id")
);

-- Dumping data for table public.akuns: 177 rows
/*!40000 ALTER TABLE "akuns" DISABLE KEYS */;
INSERT INTO "akuns" ("path", "kode", "parent_id_path", "parent_id", "id", "uraian", "volume", "satuan", "hargasat", "jumlah", "sumber", "level") VALUES
	('4124.BAH.001.051.A.521211.RM', '521211', '4124.BAH.001.051.A', '100000', 1000000, 'Belanja Bahan', 0, '0', 0, 10298000, 'RM', 6),
	('4124.BAH.001.051.A.522191.RM', '522191', '4124.BAH.001.051.A', '100000', 1000001, 'Belanja Jasa Lainnya', 0, '0', 0, 19800000, 'RM', 6),
	('4124.BAH.001.051.A.524111.RM', '524111', '4124.BAH.001.051.A', '100000', 1000002, 'Belanja Perjalanan Dinas Biasa', 0, '0', 0, 59260000, 'RM', 6),
	('4124.BAH.001.051.A.524114.RM', '524114', '4124.BAH.001.051.A', '100000', 1000003, 'Belanja Perjalanan Dinas Paket Meeting Dalam Kota', 0, '0', 0, 16910000, 'RM', 6),
	('4124.BAH.001.051.B.521211.RM', '521211', '4124.BAH.001.051.B', '100001', 1000004, 'Belanja Bahan', 0, '0', 0, 7615000, 'RM', 6),
	('4124.BAH.001.051.B.521213.RM', '521213', '4124.BAH.001.051.B', '100001', 1000005, 'Belanja Honor Output Kegiatan', 0, '0', 0, 7500000, 'RM', 6),
	('4124.BAH.001.051.B.522151.RM', '522151', '4124.BAH.001.051.B', '100001', 1000006, 'Belanja Jasa Profesi', 0, '0', 0, 33800000, 'RM', 6),
	('4124.BAH.001.051.B.524114.RM', '524114', '4124.BAH.001.051.B', '100001', 1000007, 'Belanja Perjalanan Dinas Paket Meeting Dalam Kota', 0, '0', 0, 21310000, 'RM', 6),
	('4124.BAH.001.051.C.524114.RM', '524114', '4124.BAH.001.051.C', '100002', 1000008, 'Belanja Perjalanan Dinas Paket Meeting Dalam Kota', 0, '0', 0, 28410000, 'RM', 6),
	('4124.BAH.001.051.C.524119.RM', '524119', '4124.BAH.001.051.C', '100002', 1000009, 'Belanja Perjalanan Dinas Paket Meeting Luar Kota', 0, '0', 0, 35525000, 'RM', 6),
	('4124.BAH.001.052.A.521131.RM', '521131', '4124.BAH.001.052.A', '100003', 1000010, 'Belanja Barang Operasional - Penanganan Pandemi COVID-', 0, '0', 0, 8000000, 'RM', 6),
	('4124.BAH.001.052.A.521211.RM', '521211', '4124.BAH.001.052.A', '100003', 1000011, 'Belanja Bahan', 0, '0', 0, 6242000, 'RM', 6),
	('4124.BAH.001.052.A.521213.RM', '521213', '4124.BAH.001.052.A', '100003', 1000012, 'Belanja Honor Output Kegiatan', 0, '0', 0, 30500000, 'RM', 6),
	('4124.BAH.001.052.A.522191.RM', '522191', '4124.BAH.001.052.A', '100003', 1000013, 'Belanja Jasa Lainnya', 0, '0', 0, 40000000, 'RM', 6),
	('4124.BAH.001.052.A.521241.RM', '521241', '4124.BAH.001.052.A', '100003', 1000014, 'Belanja Barang Non Operasional - Penanganan Pandemi COVID-19', 0, '0', 0, 7790000, 'RM', 6),
	('4124.BAH.001.052.A.524114.RM', '524114', '4124.BAH.001.052.A', '100003', 1000015, 'Belanja Perjalanan Dinas Paket Meeting Dalam Kota', 0, '0', 0, 61500000, 'RM', 6),
	('4124.BAH.001.052.B.521211.RM', '521211', '4124.BAH.001.052.B', '100004', 1000016, 'Belanja Bahan', 0, '0', 0, 3290000, 'RM', 6),
	('4124.BAH.001.052.B.521213.RM', '521213', '4124.BAH.001.052.B', '100004', 1000017, 'Belanja Honor Output Kegiatan', 0, '0', 0, 7500000, 'RM', 6),
	('4124.BAH.001.052.B.536111.RM', '536111', '4124.BAH.001.052.B', '100004', 1000018, 'Belanja Modal Lainnya', 0, '0', 0, 40000000, 'RM', 6),
	('4124.BAH.001.052.C.521211.RM', '521211', '4124.BAH.001.052.C', '100005', 1000019, 'Belanja Bahan', 0, '0', 0, 2100000, 'RM', 6),
	('4124.BAH.001.052.C.521219.RM', '521219', '4124.BAH.001.052.C', '100005', 1000020, 'Belanja Barang Non Operasional Lainnya', 0, '0', 0, 33370000, 'RM', 6),
	('4124.BAH.001.052.C.521811.RM', '521811', '4124.BAH.001.052.C', '100005', 1000021, 'Belanja Barang Persediaan Barang Konsumsi', 0, '0', 0, 16000000, 'RM', 6),
	('4124.BAH.001.052.C.536111.RM', '536111', '4124.BAH.001.052.C', '100005', 1000022, 'Belanja Modal Lainnya', 0, '0', 0, 30000000, 'RM', 6),
	('4124.BAH.001.053.A.521211.RM', '521211', '4124.BAH.001.053.A', '100006', 1000023, 'Belanja Bahan', 0, '0', 0, 14970000, 'RM', 6),
	('4124.BAH.001.053.A.521219.RM', '521219', '4124.BAH.001.053.A', '100006', 1000024, 'Belanja Barang Non Operasional Lainnya', 0, '0', 0, 8000000, 'RM', 6),
	('4124.BAH.001.053.A.522191.RM', '522191', '4124.BAH.001.053.A', '100006', 1000025, 'Belanja Jasa Lainnya', 0, '0', 0, 69000000, 'RM', 6),
	('4124.BAH.001.053.A.524113.RM', '524113', '4124.BAH.001.053.A', '100006', 1000026, 'Belanja Perjalanan Dinas Dalam Kota', 0, '0', 0, 3000000, 'RM', 6),
	('4124.BAH.001.053.B.521211.RM', '521211', '4124.BAH.001.053.B', '100007', 1000027, 'Belanja Bahan', 0, '0', 0, 4030000, 'RM', 6),
	('4124.BAH.001.053.B.522191.RM', '522191', '4124.BAH.001.053.B', '100007', 1000028, 'Belanja Jasa Lainnya', 0, '0', 0, 100000000, 'RM', 6),
	('4124.BIA.001.051.A.521211.RM', '521211', '4124.BIA.001.051.A', '100008', 1000029, 'Belanja Bahan', 0, '0', 0, 23640000, 'RM', 6),
	('4124.BIA.001.051.A.521811.PNP', '521811', '4124.BIA.001.051.A', '100008', 1000030, 'Belanja Barang Persediaan Barang Konsumsi', 0, '0', 0, 8998000, 'PNP', 6),
	('4124.BIA.001.051.A.522191.RM', '522191', '4124.BIA.001.051.A', '100008', 1000031, 'Belanja Jasa Lainnya', 0, '0', 0, 65000000, 'RM', 6),
	('4124.BIA.001.051.A.524111.PNP', '524111', '4124.BIA.001.051.A', '100008', 1000032, 'Belanja Perjalanan Dinas Biasa', 0, '0', 0, 211112000, 'PNP', 6),
	('4124.BIA.001.051.A.524111.RM', '524111', '4124.BIA.001.051.A', '100008', 1000033, 'Belanja Perjalanan Dinas Biasa', 0, '0', 0, 227484000, 'RM', 6),
	('4124.BIA.001.051.A.524113.PNP', '524113', '4124.BIA.001.051.A', '100008', 1000034, 'Belanja Perjalanan Dinas Dalam Kota', 0, '0', 0, 15000000, 'PNP', 6),
	('4124.BIA.001.051.A.524113.RM', '524113', '4124.BIA.001.051.A', '100008', 1000035, 'Belanja Perjalanan Dinas Dalam Kota', 0, '0', 0, 20400000, 'RM', 6),
	('4124.BIA.001.051.A.524114.RM', '524114', '4124.BIA.001.051.A', '100008', 1000036, 'Belanja Perjalanan Dinas Paket Meeting Dalam Kota', 0, '0', 0, 36920000, 'RM', 6),
	('4124.BIA.001.051.B.524211.PNP', '524211', '4124.BIA.001.051.B', '100009', 1000037, 'Belanja Perjalanan Dinas Biasa - Luar Negeri', 0, '0', 0, 162655000, 'PNP', 6),
	('4124.BIA.001.051.B.536121.PNP', '536121', '4124.BIA.001.051.B', '100009', 1000038, 'Belanja Penambahan Nilai Aset Tetap Lainnya dan/atau Aset Lainnya', 0, '0', 0, 20000000, 'PNP', 6),
	('4124.BIA.001.051.C.521211.RM', '521211', '4124.BIA.001.051.C', '100010', 1000039, 'Belanja Bahan', 0, '0', 0, 39816000, 'RM', 6),
	('4124.BIA.001.051.C.521213.RM', '521213', '4124.BIA.001.051.C', '100010', 1000040, 'Belanja Honor Output Kegiatan', 0, '0', 0, 28050000, 'RM', 6),
	('4124.BIA.001.051.C.521241.RM', '521241', '4124.BIA.001.051.C', '100010', 1000041, 'Belanja Barang Non Operasional - Penanganan Pandemi COVID-19', 0, '0', 0, 14000000, 'RM', 6),
	('4124.BIA.001.051.C.522151.RM', '522151', '4124.BIA.001.051.C', '100010', 1000042, 'Belanja Jasa Profesi', 0, '0', 0, 19100000, 'RM', 6),
	('4124.BIA.001.051.C.522191.PNP', '522191', '4124.BIA.001.051.C', '100010', 1000043, 'Belanja Jasa Lainnya', 0, '0', 0, 33000000, 'PNP', 6),
	('4124.BIA.001.051.C.522191.RM', '522191', '4124.BIA.001.051.C', '100010', 1000044, 'Belanja Jasa Lainnya', 0, '0', 0, 75040000, 'RM', 6),
	('4124.BIA.001.051.C.524111.RM', '524111', '4124.BIA.001.051.C', '100010', 1000045, 'Belanja Perjalanan Dinas Biasa', 0, '0', 0, 31380000, 'RM', 6),
	('4124.BIA.001.051.C.524113.RM', '524113', '4124.BIA.001.051.C', '100010', 1000046, 'Belanja Perjalanan Dinas Dalam Kota', 0, '0', 0, 7200000, 'RM', 6),
	('4124.BIA.001.051.C.524114.RM', '524114', '4124.BIA.001.051.C', '100010', 1000047, 'Belanja Perjalanan Dinas Paket Meeting Dalam Kota', 0, '0', 0, 104620000, 'RM', 6),
	('4124.BIA.001.051.D.521211.RM', '521211', '4124.BIA.001.051.D', '100011', 1000048, 'Belanja Bahan', 0, '0', 0, 13088000, 'RM', 6),
	('4124.BIA.001.051.D.522141.RM', '522141', '4124.BIA.001.051.D', '100011', 1000049, 'Belanja Sewa', 0, '0', 0, 18750000, 'RM', 6),
	('4124.BIA.001.051.D.522151.PNP', '522151', '4124.BIA.001.051.D', '100011', 1000050, 'Belanja Jasa Profesi', 0, '0', 0, 56300000, 'PNP', 6),
	('4124.BIA.001.051.D.522191.PNP', '522191', '4124.BIA.001.051.D', '100011', 1000051, 'Belanja Jasa Lainnya', 0, '0', 0, 5000000, 'PNP', 6),
	('4124.BIA.001.051.D.524111.PNP', '524111', '4124.BIA.001.051.D', '100011', 1000052, 'Belanja Perjalanan Dinas Biasa', 0, '0', 0, 87385000, 'PNP', 6),
	('4124.BIA.001.051.D.524113.PNP', '524113', '4124.BIA.001.051.D', '100011', 1000053, 'Belanja Perjalanan Dinas Dalam Kota', 0, '0', 0, 2400000, 'PNP', 6),
	('4124.BIA.001.051.D.524114.RM', '524114', '4124.BIA.001.051.D', '100011', 1000054, 'Belanja Perjalanan Dinas Paket Meeting Dalam Kota', 0, '0', 0, 46860000, 'RM', 6),
	('4124.BIA.001.051.E.521131.PNP', '521131', '4124.BIA.001.051.E', '100012', 1000055, 'Belanja Barang Operasional - Penanganan Pandemi COVID-19', 0, '0', 0, 1220000, 'PNP', 6),
	('4124.BIA.001.051.E.521211.PNP', '521211', '4124.BIA.001.051.E', '100012', 1000056, 'Belanja Bahan', 0, '0', 0, 230130000, 'PNP', 6),
	('4124.BIA.001.051.E.521213.PNP', '521213', '4124.BIA.001.051.E', '100012', 1000057, 'Belanja Honor Output Kegiatan', 0, '0', 0, 20450000, 'PNP', 6),
	('4124.BIA.001.051.E.521219.PNP', '521219', '4124.BIA.001.051.E', '100012', 1000058, 'Belanja Barang Non Operasional Lainnya', 0, '0', 0, 4000000, 'PNP', 6),
	('4124.BIA.001.051.E.521241.PNP', '521241', '4124.BIA.001.051.E', '100012', 1000059, 'Belanja Barang Non Operasional - Penanganan Pandemi COVID-19', 0, '0', 0, 25000000, 'PNP', 6),
	('4124.BIA.001.051.E.522141.PNP', '522141', '4124.BIA.001.051.E', '100012', 1000060, 'Belanja Sewa', 0, '0', 0, 24850000, 'PNP', 6),
	('4124.BIA.001.051.E.522151.PNP', '522151', '4124.BIA.001.051.E', '100012', 1000061, 'Belanja Jasa Profesi', 0, '0', 0, 44200000, 'PNP', 6),
	('4124.BIA.001.051.E.524111.PNP', '524111', '4124.BIA.001.051.E', '100012', 1000062, 'Belanja Perjalanan Dinas Biasa', 0, '0', 0, 189555000, 'PNP', 6),
	('4124.BIA.001.051.E.524119.PNP', '524119', '4124.BIA.001.051.E', '100012', 1000063, 'Belanja Perjalanan Dinas Paket Meeting Luar Kota', 0, '0', 0, 300000000, 'PNP', 6),
	('4124.BIA.001.052.A.521131.RM', '521131', '4124.BIA.001.052.A', '100013', 1000064, 'Belanja Barang Operasional - Penanganan Pandemi COVID-', 0, '0', 0, 1804000, 'RM', 6),
	('4124.BIA.001.052.A.521211.RM', '521211', '4124.BIA.001.052.A', '100013', 1000065, 'Belanja Bahan', 0, '0', 0, 13494000, 'RM', 6),
	('4124.BIA.001.052.A.521213.RM', '521213', '4124.BIA.001.052.A', '100013', 1000066, 'Belanja Honor Output Kegiatan', 0, '0', 0, 23000000, 'RM', 6),
	('4124.BIA.001.052.A.521241.RM', '521241', '4124.BIA.001.052.A', '100013', 1000067, 'Belanja barang non operasional penanganan pandemi covid-19', 0, '0', 0, 12480000, 'RM', 6),
	('4124.BIA.001.052.A.522141.RM', '522141', '4124.BIA.001.052.A', '100013', 1000068, 'Belanja Sewa', 0, '0', 0, 5250000, 'RM', 6),
	('4124.BIA.001.052.A.522151.RM', '522151', '4124.BIA.001.052.A', '100013', 1000069, 'Belanja Jasa Profesi', 0, '0', 0, 43700000, 'RM', 6),
	('4124.BIA.001.052.A.522191.PNP', '522191', '4124.BIA.001.052.A', '100013', 1000070, 'Belanja Jasa Lainnya', 0, '0', 0, 278077000, 'PNP', 6),
	('4124.BIA.001.052.A.524111.RM', '524111', '4124.BIA.001.052.A', '100013', 1000071, 'Belanja Perjalanan Dinas Biasa', 0, '0', 0, 40002000, 'RM', 6),
	('4124.BIA.001.052.A.524114.RM', '524114', '4124.BIA.001.052.A', '100013', 1000072, 'Belanja Perjalanan Dinas Paket Meeting Dalam Kota', 0, '0', 0, 97116000, 'RM', 6),
	('4124.BIA.001.053.A.521113.RM', '521113', '4124.BIA.001.053.A', '100014', 1000073, 'Belanja Penambah Daya Tahan Tubuh', 0, '0', 0, 188100000, 'RM', 6),
	('4124.BIA.001.053.A.521131.PNP', '521131', '4124.BIA.001.053.A', '100014', 1000074, 'Belanja Barang Operasional - Penanganan Pandemi COVID- 19', 0, '0', 0, 46809000, 'PNP', 6),
	('4124.BIA.001.053.A.521131.RM', '521131', '4124.BIA.001.053.A', '100014', 1000075, 'Belanja Barang Operasional - Penanganan Pandemi COVID- 19', 0, '0', 0, 105735000, 'RM', 6),
	('4124.BIA.001.053.A.521241.PNP', '521241', '4124.BIA.001.053.A', '100014', 1000076, 'Belanja Barang Non Operasional - Penanganan Pandemi COVID-19', 0, '0', 0, 59620000, 'PNP', 6),
	('4124.BIA.001.053.A.521241.RM', '521241', '4124.BIA.001.053.A', '100014', 1000077, 'Belanja Barang Non Operasional - Penanganan Pandemi COVID-19', 0, '0', 0, 67000000, 'RM', 6),
	('4124.BIA.001.053.A.522192.PNP', '522192', '4124.BIA.001.053.A', '100014', 1000078, 'Belanja Jasa - Penanganan Pandemi COVID-19', 0, '0', 0, 37000000, 'PNP', 6),
	('4124.BIA.001.053.B.521131.PNP', '521131', '4124.BIA.001.053.B', '100015', 1000079, 'Belanja Barang Operasional - Penanganan Pandemi COVID-', 0, '0', 0, 4200000, 'PNP', 6),
	('4124.BIA.001.053.B.521211.PNP', '521211', '4124.BIA.001.053.B', '100015', 1000080, 'Belanja Bahan', 0, '0', 0, 11768000, 'PNP', 6),
	('4124.BIA.001.053.B.521213.PNP', '521213', '4124.BIA.001.053.B', '100015', 1000081, 'Belanja Honor Output Kegiatan', 0, '0', 0, 1450000, 'PNP', 6),
	('4124.BIA.001.053.B.521219.PNP', '521219', '4124.BIA.001.053.B', '100015', 1000082, 'Belanja Barang Non Operasional Lainnya', 0, '0', 0, 7630000, 'PNP', 6),
	('4124.BIA.001.053.B.521241.PNP', '521241', '4124.BIA.001.053.B', '100015', 1000083, 'Belanja Barang Non Operasional - Penanganan Pandemi COVID-19', 0, '0', 0, 28750000, 'PNP', 6),
	('4124.BIA.001.053.B.521811.PNP', '521811', '4124.BIA.001.053.B', '100015', 1000084, 'Belanja Barang Persediaan Barang Konsumsi', 0, '0', 0, 48322000, 'PNP', 6),
	('4124.BIA.001.053.B.522141.PNP', '522141', '4124.BIA.001.053.B', '100015', 1000085, 'Belanja Sewa', 0, '0', 0, 9488000, 'PNP', 6),
	('4124.BIA.001.053.B.522151.RM', '522151', '4124.BIA.001.053.B', '100015', 1000086, 'Belanja Jasa Profesi', 0, '0', 0, 12600000, 'RM', 6),
	('4124.BIA.001.053.B.522191.PNP', '522191', '4124.BIA.001.053.B', '100015', 1000087, 'Belanja Jasa Lainnya', 0, '0', 0, 36200000, 'PNP', 6),
	('4124.BIA.001.053.B.524114.PNP', '524114', '4124.BIA.001.053.B', '100015', 1000088, 'Belanja Perjalanan Dinas Paket Meeting Dalam Kota', 0, '0', 0, 49800000, 'PNP', 6),
	('4124.BIA.001.053.B.524119.PNP', '524119', '4124.BIA.001.053.B', '100015', 1000089, 'Belanja Perjalanan Dinas Paket Meeting Luar Kota ', 0, '0', 0, 204381000, 'PNP', 6),
	('4124.BIA.001.054.A.521211.PNP', '521211', '4124.BIA.001.054.A', '100016', 1000090, 'Belanja Bahan', 0, '0', 0, 1600000, 'PNP', 6),
	('4124.BIA.001.054.A.521211.RM', '521211', '4124.BIA.001.054.A', '100016', 1000091, 'Belanja Bahan', 0, '0', 0, 39940000, 'RM', 6),
	('4124.BIA.001.054.A.522151.RM', '522151', '4124.BIA.001.054.A', '100016', 1000092, 'Belanja Jasa Profesi', 0, '0', 0, 12000000, 'RM', 6),
	('4124.BIA.001.054.A.524114.PNP', '524114', '4124.BIA.001.054.A', '100016', 1000093, 'Belanja Perjalanan Dinas Paket Meeting Dalam Kota', 0, '0', 0, 36500000, 'PNP', 6),
	('4124.BIA.001.054.B.521211.PNP', '521211', '4124.BIA.001.054.B', '100017', 1000094, 'Belanja Bahan', 0, '0', 0, 42935000, 'PNP', 6),
	('4124.BIA.001.054.B.521213.PNP', '521213', '4124.BIA.001.054.B', '100017', 1000095, 'Belanja Honor Output Kegiatan', 0, '0', 0, 2000000, 'PNP', 6),
	('4124.BIA.001.054.B.522191.PNP', '522191', '4124.BIA.001.054.B', '100017', 1000096, 'Belanja Jasa Lainnya', 0, '0', 0, 39000000, 'PNP', 6),
	('4124.BIA.001.054.B.524119.PNP', '524119', '4124.BIA.001.054.B', '100017', 1000097, 'Belanja Perjalanan Dinas Paket Meeting Luar Kota', 0, '0', 0, 7420000, 'PNP', 6),
	('4124.BIA.001.054.C.521219.PNP', '521219', '4124.BIA.001.054.C', '100018', 1000098, 'Belanja Barang Non Operasional Lainnya', 0, '0', 0, 63000000, 'PNP', 6),
	('4124.BIA.001.054.C.522151.PNP', '522151', '4124.BIA.001.054.C', '100018', 1000099, 'Belanja Jasa Profesi', 0, '0', 0, 9000000, 'PNP', 6),
	('4124.BIA.001.054.C.522191.PNP', '522191', '4124.BIA.001.054.C', '100018', 1000100, 'Belanja Jasa Lainnya', 0, '0', 0, 50000000, 'PNP', 6),
	('4124.BIA.001.054.C.522191.RM', '522191', '4124.BIA.001.054.C', '100018', 1000101, 'Belanja Jasa Lainnya', 0, '0', 0, 20000000, 'RM', 6),
	('4124.BIA.001.054.C.524111.PNP', '524111', '4124.BIA.001.054.C', '100018', 1000102, 'Belanja Perjalanan Dinas Biasa', 0, '0', 0, 15900000, 'PNP', 6),
	('4124.BIA.001.054.C.524114.PNP', '524114', '4124.BIA.001.054.C', '100018', 1000103, 'Belanja Perjalanan Dinas Paket Meeting Dalam Kota', 0, '0', 0, 57480000, 'PNP', 6),
	('4124.BIA.001.054.D.521114.RM', '521114', '4124.BIA.001.054.D', '100019', 1000104, 'Belanja Pengiriman Surat Dinas Pos Pusat', 0, '0', 0, 10140000, 'RM', 6),
	('4124.BIA.001.054.D.521211.RM', '521211', '4124.BIA.001.054.D', '100019', 1000105, 'Belanja Bahan', 0, '0', 0, 16800000, 'RM', 6),
	('4124.BIA.001.054.D.521219.PNP', '521219', '4124.BIA.001.054.D', '100019', 1000106, 'Belanja Barang Non Operasional Lainnya', 0, '0', 0, 17611000, 'PNP', 6),
	('4124.BIA.001.054.D.521219.RM', '521219', '4124.BIA.001.054.D', '100019', 1000107, 'Belanja Barang Non Operasional Lainnya', 0, '0', 0, 50652000, 'RM', 6),
	('4124.BIA.001.054.D.521811.RM', '521811', '4124.BIA.001.054.D', '100019', 1000108, 'Belanja Barang Persediaan Barang Konsumsi', 0, '0', 0, 12000000, 'RM', 6),
	('4124.BIA.001.054.D.522131.PNP', '522131', '4124.BIA.001.054.D', '100019', 1000109, 'Belanja Jasa Konsultan', 0, '0', 0, 40320000, 'PNP', 6),
	('4124.BIA.001.054.D.522141.RM', '522141', '4124.BIA.001.054.D', '100019', 1000110, 'Belanja Sewa', 0, '0', 0, 13500000, 'RM', 6),
	('4124.BIA.001.054.D.522151.RM', '522151', '4124.BIA.001.054.D', '100019', 1000111, 'Belanja Jasa Profesi', 0, '0', 0, 15000000, 'RM', 6),
	('4124.BIA.001.054.D.522191.PNP', '522191', '4124.BIA.001.054.D', '100019', 1000112, 'Belanja Jasa Lainnya ', 0, '0', 0, 140019000, 'PNP', 6),
	('4124.BIA.001.054.D.522191.RM', '522191', '4124.BIA.001.054.D', '100019', 1000113, 'Belanja Jasa Lainnya', 0, '0', 0, 71438000, 'RM', 6),
	('4124.BIA.001.054.D.523121.RM', '523121', '4124.BIA.001.054.D', '100019', 1000114, 'Belanja Pemeliharaan Peralatan dan Mesin', 0, '0', 0, 26000000, 'RM', 6),
	('4124.BIA.001.054.D.524113.RM', '524113', '4124.BIA.001.054.D', '100019', 1000115, 'Belanja Perjalanan Dinas Dalam Kota', 0, '0', 0, 8100000, 'RM', 6),
	('4124.BIA.001.054.E.521211.RM', '521211', '4124.BIA.001.054.E', '100020', 1000116, 'Belanja Bahan', 0, '0', 0, 31800000, 'RM', 6),
	('4124.BIA.001.054.E.521219.RM', '521219', '4124.BIA.001.054.E', '100020', 1000117, 'Belanja Barang Non Operasional Lainnya', 0, '0', 0, 6000000, 'RM', 6),
	('4124.BIA.001.054.E.521811.PNP', '521811', '4124.BIA.001.054.E', '100020', 1000118, 'Belanja Barang Persediaan Barang Konsumsi', 0, '0', 0, 2655000, 'PNP', 6),
	('4124.BIA.001.054.E.521811.RM', '521811', '4124.BIA.001.054.E', '100020', 1000119, 'Belanja Barang Persediaan Barang Konsumsi', 0, '0', 0, 32205000, 'RM', 6),
	('4124.BIA.001.054.E.522151.RM', '522151', '4124.BIA.001.054.E', '100020', 1000120, 'Belanja Jasa Profesi', 0, '0', 0, 1800000, 'RM', 6),
	('4124.BIA.001.054.F.521211.RM', '521211', '4124.BIA.001.054.F', '100021', 1000121, 'Belanja Bahan', 0, '0', 0, 12600000, 'RM', 6),
	('4124.BIA.001.054.F.521811.PNP', '521811', '4124.BIA.001.054.F', '100021', 1000122, 'Belanja Barang Persediaan Barang Konsumsi', 0, '0', 0, 38160000, 'PNP', 6),
	('4124.BIA.001.054.F.522151.PNP', '522151', '4124.BIA.001.054.F', '100021', 1000123, 'Belanja Jasa Profesi', 0, '0', 0, 1400000, 'PNP', 6),
	('4124.BIA.001.054.F.524114.RM', '524114', '4124.BIA.001.054.F', '100021', 1000124, 'Belanja Perjalanan Dinas Paket Meeting Dalam Kota', 0, '0', 0, 75060000, 'RM', 6),
	('4124.BIC.002.051.A.521211.RM', '521211', '4124.BIC.002.051.A', '100022', 1000125, 'Belanja Bahan', 0, '0', 0, 31330000, 'RM', 6),
	('4124.BIC.002.051.A.521213.RM', '521213', '4124.BIC.002.051.A', '100022', 1000126, 'Belanja Honor Output Kegiatan', 0, '0', 0, 31250000, 'RM', 6),
	('4124.BIC.002.051.A.521241.RM', '521241', '4124.BIC.002.051.A', '100022', 1000127, 'Belanja Barang Non Operasional - Penanganan Pandemi COVID-19', 0, '0', 0, 20000000, 'RM', 6),
	('4124.BIC.002.051.A.522141.RM', '522141', '4124.BIC.002.051.A', '100022', 1000128, 'Belanja Sewa', 0, '0', 0, 12000000, 'RM', 6),
	('4124.BIC.002.051.A.522151.RM', '522151', '4124.BIC.002.051.A', '100022', 1000129, 'Belanja Jasa Profesi', 0, '0', 0, 29000000, 'RM', 6),
	('4124.BIC.002.051.A.522191.RM', '522191', '4124.BIC.002.051.A', '100022', 1000130, 'Belanja Jasa Lainnya', 0, '0', 0, 115000000, 'RM', 6),
	('4124.BIC.002.051.A.524111.RM', '524111', '4124.BIC.002.051.A', '100022', 1000131, 'Belanja Perjalanan Dinas Biasa', 0, '0', 0, 6960000, 'RM', 6),
	('4124.BIC.002.051.A.524113.RM', '524113', '4124.BIC.002.051.A', '100022', 1000132, 'Belanja Perjalanan Dinas Dalam Kota', 0, '0', 0, 3600000, 'RM', 6),
	('4124.BIC.002.051.A.524114.RM', '524114', '4124.BIC.002.051.A', '100022', 1000133, 'Belanja Perjalanan Dinas Paket Meeting Dalam Kota', 0, '0', 0, 54800000, 'RM', 6),
	('4124.BIC.002.051.A.524119.RM', '524119', '4124.BIC.002.051.A', '100022', 1000134, 'Belanja Perjalanan Dinas paket Meeting Luar Kota', 0, '0', 0, 51200000, 'RM', 6),
	('4124.BIC.002.051.B.521131.RM', '521131', '4124.BIC.002.051.B', '100023', 1000135, 'Belanja Barang Operasional - Penanganan Pandemi COVID- 19', 0, '0', 0, 7500000, 'RM', 6),
	('4124.BIC.002.051.B.521211.RM', '521211', '4124.BIC.002.051.B', '100023', 1000136, 'Belanja Bahan', 0, '0', 0, 20550000, 'RM', 6),
	('4124.BIC.002.051.B.521213.RM', '521213', '4124.BIC.002.051.B', '100023', 1000137, 'Belanja Honor Output Kegiatan', 0, '0', 0, 3200000, 'RM', 6),
	('4124.BIC.002.051.B.522131.RM', '522131', '4124.BIC.002.051.B', '100023', 1000138, 'Belanja Jasa Konsultan', 0, '0', 0, 50000000, 'RM', 6),
	('4124.BIC.002.051.B.522151.RM', '522151', '4124.BIC.002.051.B', '100023', 1000139, 'Belanja Jasa Profesi', 0, '0', 0, 17200000, 'RM', 6),
	('4124.BIC.002.051.B.522191.RM', '522191', '4124.BIC.002.051.B', '100023', 1000140, 'Belanja Jasa Lainnya ', 0, '0', 0, 95000000, 'RM', 6),
	('4124.BIC.002.051.B.524111.RM', '524111', '4124.BIC.002.051.B', '100023', 1000141, 'Belanja Perjalanan Dinas Biasa', 0, '0', 0, 116600000, 'RM', 6),
	('4124.BIC.002.051.B.524113.RM', '524113', '4124.BIC.002.051.B', '100023', 1000142, 'Belanja Perjalanan Dinas dalam Kota', 0, '0', 0, 1500000, 'RM', 6),
	('4124.BIC.002.051.B.524119.RM', '524119', '4124.BIC.002.051.B', '100023', 1000143, 'Belanja Perjalanan Dinas Paket Meeting Luar Kota', 0, '0', 0, 189650000, 'RM', 6),
	('4124.UBA.001.051.A.521114.RM', '521114', '4124.UBA.001.051.A', '100024', 1000144, 'Belanja Pengiriman Surat Dinas Pos Pusat', 0, '0', 0, 2500000, 'RM', 6),
	('4124.UBA.001.051.A.521131.RM', '521131', '4124.UBA.001.051.A', '100024', 1000145, 'Belanja Barang Operasional - Penanganan Pandemi COVID- 19', 0, '0', 0, 4500000, 'RM', 6),
	('4124.UBA.001.051.A.521211.RM', '521211', '4124.UBA.001.051.A', '100024', 1000146, 'Belanja Bahan', 0, '0', 0, 41672000, 'RM', 6),
	('4124.UBA.001.051.A.521213.RM', '521213', '4124.UBA.001.051.A', '100024', 1000147, 'Belanja Honor Output Kegiatan', 0, '0', 0, 28050000, 'RM', 6),
	('4124.UBA.001.051.A.521241.RM', '521241', '4124.UBA.001.051.A', '100024', 1000148, 'Belanja Barang Non Operasional - Penanganan Pandemi COVID-19', 0, '0', 0, 109800000, 'RM', 6),
	('4124.UBA.001.051.A.522141.RM', '522141', '4124.UBA.001.051.A', '100024', 1000149, 'Belanja Sewa', 0, '0', 0, 49500000, 'RM', 6),
	('4124.UBA.001.051.A.522151.RM', '522151', '4124.UBA.001.051.A', '100024', 1000150, 'Belanja Jasa Profesi', 0, '0', 0, 47000000, 'RM', 6),
	('4124.UBA.001.051.A.522191.RM', '522191', '4124.UBA.001.051.A', '100024', 1000151, 'Belanja Jasa Lainnya', 0, '0', 0, 192000000, 'RM', 6),
	('4124.UBA.001.051.A.524113.RM', '524113', '4124.UBA.001.051.A', '100024', 1000152, 'Belanja Perjalanan Dinas Dalam Kota', 0, '0', 0, 1800000, 'RM', 6),
	('4124.UBA.001.051.A.524114.RM', '524114', '4124.UBA.001.051.A', '100024', 1000153, 'Belanja Perjalanan Dinas Paket Meeting Dalam Kota', 0, '0', 0, 21300000, 'RM', 6),
	('4124.UBA.001.051.A.524119.RM', '524119', '4124.UBA.001.051.A', '100024', 1000154, 'Belanja Perjalanan Dinas Paket Meeting Luar Kota', 0, '0', 0, 1425970000, 'RM', 6),
	('4124.UBA.001.051.B.521131.RM', '521131', '4124.UBA.001.051.B', '100025', 1000155, 'Belanja Barang Operasional - Penanganan Pandemi COVID-', 0, '0', 0, 3966000, 'RM', 6),
	('4124.UBA.001.051.B.521241.RM', '521241', '4124.UBA.001.051.B', '100025', 1000156, 'Belanja Barang Non Operasional - Penanganan Pandemi COVID-19', 0, '0', 0, 20104000, 'RM', 6),
	('4124.UBA.001.051.C.521211.RM', '521211', '4124.UBA.001.051.C', '100026', 1000157, 'Belanja Bahan', 0, '0', 0, 4480000, 'RM', 6),
	('4124.UBA.001.051.C.522151.RM', '522151', '4124.UBA.001.051.C', '100026', 1000158, 'Belanja Jasa Profesi', 0, '0', 0, 10000000, 'RM', 6),
	('4124.UBA.001.051.C.524111.RM', '524111', '4124.UBA.001.051.C', '100026', 1000159, 'Belanja Perjalanan Dinas Biasa', 0, '0', 0, 64620000, 'RM', 6),
	('4124.UBA.001.051.C.524114.RM', '524114', '4124.UBA.001.051.C', '100026', 1000160, 'Belanja Perjalanan Dinas Paket Meeting Dalam Kota', 0, '0', 0, 35650000, 'RM', 6),
	('4124.UBA.001.052.A.521211.RM', '521211', '4124.UBA.001.052.A', '100027', 1000161, 'Belanja Bahan', 0, '0', 0, 33330000, 'RM', 6),
	('4124.UBA.001.052.A.521213.RM', '521213', '4124.UBA.001.052.A', '100027', 1000162, 'Belanja Honor Output Kegiatan', 0, '0', 0, 14650000, 'RM', 6),
	('4124.UBA.001.052.A.521241.RM', '521241', '4124.UBA.001.052.A', '100027', 1000163, 'Belanja barang non operasional penanganan pandemi covid-19', 0, '0', 0, 20384000, 'RM', 6),
	('4124.UBA.001.052.A.522151.RM', '522151', '4124.UBA.001.052.A', '100027', 1000164, 'Belanja Jasa Profesi', 0, '0', 0, 56800000, 'RM', 6),
	('4124.UBA.001.052.A.522191.RM', '522191', '4124.UBA.001.052.A', '100027', 1000165, 'Belanja Jasa Lainnya', 0, '0', 0, 41616000, 'RM', 6),
	('4124.UBA.001.052.A.524111.RM', '524111', '4124.UBA.001.052.A', '100027', 1000166, 'Belanja Perjalanan Dinas Biasa', 0, '0', 0, 64284000, 'RM', 6),
	('4124.UBA.001.052.A.524114.RM', '524114', '4124.UBA.001.052.A', '100027', 1000167, 'Belanja Perjalanan Dinas Paket Meeting Dalam Kota', 0, '0', 0, 97560000, 'RM', 6),
	('4124.UBA.001.052.A.524119.RM', '524119', '4124.UBA.001.052.A', '100027', 1000168, 'Belanja Perjalanan Dinas Paket Meeting Luar Kota', 0, '0', 0, 91920000, 'RM', 6),
	('4124.UBA.001.052.B.521211.RM', '521211', '4124.UBA.001.052.B', '100028', 1000169, 'Belanja Bahan', 0, '0', 0, 44000000, 'RM', 6),
	('4124.UBA.001.052.B.521241.RM', '521241', '4124.UBA.001.052.B', '100028', 1000170, 'Belanja Barang Non Operasional - Penanganan Pandemi COVID 19', 0, '0', 0, 5850000, 'RM', 6),
	('4124.UBA.001.052.B.522141.RM', '522141', '4124.UBA.001.052.B', '100028', 1000171, 'Belanja Sewa', 0, '0', 0, 6500000, 'RM', 6),
	('4124.UBA.001.052.B.522151.RM', '522151', '4124.UBA.001.052.B', '100028', 1000172, 'Belanja Jasa Profesi', 0, '0', 0, 53500000, 'RM', 6),
	('4124.UBA.001.052.B.522191.RM', '522191', '4124.UBA.001.052.B', '100028', 1000173, 'Biaya Jasa Lainnya', 0, '0', 0, 101446000, 'RM', 6),
	('4124.UBA.001.052.B.524111.RM', '524111', '4124.UBA.001.052.B', '100028', 1000174, 'Belanja Perjalanan Dinas Biasa', 0, '0', 0, 16100000, 'RM', 6),
	('4124.UBA.001.052.B.524113.RM', '524113', '4124.UBA.001.052.B', '100028', 1000175, 'Belanja Perjalanan Dinas Dalam Kota', 0, '0', 0, 4500000, 'RM', 6),
	('4124.UBA.001.052.B.524114.RM', '524114', '4124.UBA.001.052.B', '100028', 1000176, 'Belanja Perjalanan Dinas Paket Meeting Dalam Kota', 0, '0', 0, 70200000, 'RM', 6);
/*!40000 ALTER TABLE "akuns" ENABLE KEYS */;

-- Dumping structure for table public.detils
CREATE TABLE IF NOT EXISTS "detils" (
	"path" TEXT NOT NULL,
	"kode" TEXT NOT NULL,
	"parent_id_path" TEXT NOT NULL,
	"parent_id" TEXT NOT NULL,
	"id" BIGINT NOT NULL DEFAULT 'nextval(''detils_id_seq''::regclass)',
	"uraian" TEXT NOT NULL,
	"volume" BIGINT NOT NULL,
	"satuan" TEXT NOT NULL,
	"hargasat" BIGINT NOT NULL,
	"jumlah" BIGINT NOT NULL,
	"sumber" TEXT NULL DEFAULT NULL,
	"level" INTEGER NOT NULL,
	PRIMARY KEY ("id")
);

-- Dumping data for table public.detils: 568 rows
/*!40000 ALTER TABLE "detils" DISABLE KEYS */;
INSERT INTO "detils" ("path", "kode", "parent_id_path", "parent_id", "id", "uraian", "volume", "satuan", "hargasat", "jumlah", "sumber", "level") VALUES
	('4124.BAH.001.051.A.521211.RM', '10000000', '4124.BAH.001.051.A.521211', '1000000', 10000000, '- Pengadaan ATK', 1, 'PKT', 370000, 370000, '', 7),
	('4124.BAH.001.051.A.521211.RM', '10000001', '4124.BAH.001.051.A.521211', '1000000', 10000001, '>> Dalam rangka persamaan persepsi evaluator internal dan antar unit', 0, '0', 0, 9928000, '', 7),
	('4124.BAH.001.051.A.521211.RM', '10000002', '4124.BAH.001.051.A.521211', '1000000', 10000002, '- Konsumsi (Makan) rapat [20 OR x 1 HR x 6 KL]', 120, ' OH', 48000, 5760000, '', 7),
	('4124.BAH.001.051.A.521211.RM', '10000003', '4124.BAH.001.051.A.521211', '1000000', 10000003, '- Konsumsi (Sack) rapat [20 OR x 1 HR x 6 KL]', 120, ' OH', 22000, 2640000, '', 7),
	('4124.BAH.001.051.A.521211.RM', '10000004', '4124.BAH.001.051.A.521211', '1000000', 10000004, '- Penggandaan Materi', 1, 'PKT', 1528000, 1528000, '', 7),
	('4124.BAH.001.051.A.522191.RM', '10000005', '4124.BAH.001.051.A.522191', '1000001', 10000005, '- Biaya Web Seminar', 1, 'PKT', 19800000, 19800000, '', 7),
	('4124.BAH.001.051.A.524111.RM', '10000006', '4124.BAH.001.051.A.524111', '1000002', 10000006, '- Transport [2 OR x 1 TR x 5 KL]', 10, ' OK', 3500000, 34160000, '', 7),
	('4124.BAH.001.051.A.524111.RM', '10000007', '4124.BAH.001.051.A.524111', '1000002', 10000007, '- Penginapan [2 OR x 2 HR x 5 KL]', 20, ' OH', 610000, 12200000, '', 7),
	('4124.BAH.001.051.A.524111.RM', '10000008', '4124.BAH.001.051.A.524111', '1000002', 10000008, '- Uang harian [2 OR x 3 HR x 5 TR]', 30, ' OH', 430000, 12900000, '', 7),
	('4124.BAH.001.051.A.524114.RM', '10000009', '4124.BAH.001.051.A.524114', '1000003', 10000009, '- paket pertemuan fullday [30 OR x 1 HR x 1 KL]', 30, ' OH', 433000, 12990000, '', 7),
	('4124.BAH.001.051.A.524114.RM', '10000010', '4124.BAH.001.051.A.524114', '1000003', 10000010, '- transport lokal peserta [14 0R x 1 HR x 1 KL]', 14, ' OK', 150000, 2100000, '', 7),
	('4124.BAH.001.051.A.524114.RM', '10000011', '4124.BAH.001.051.A.524114', '1000003', 10000011, '- uang harian rapat fullday peserta [14 OR x 1 HR x 1 KL]', 14, ' OH', 130000, 1820000, '', 7),
	('4124.BAH.001.051.B.521211.RM', '10000012', '4124.BAH.001.051.B.521211', '1000004', 10000012, '- Pengadaan ATK', 1, 'PKT', 1455000, 1455000, '', 7),
	('4124.BAH.001.051.B.521211.RM', '10000013', '4124.BAH.001.051.B.521211', '1000004', 10000013, '> Forum Koordinasi lintas sektor dan kedeputian dikantor', 0, '0', 0, 6160000, '', 7),
	('4124.BAH.001.051.B.521211.RM', '10000014', '4124.BAH.001.051.B.521211', '1000004', 10000014, '- Konsumsi (Snack) Rapat dikantor [35 OR x 1 HR x 8 KL]', 280, ' OK', 22000, 6160000, '', 7),
	('4124.BAH.001.051.B.521213.RM', '10000015', '4124.BAH.001.051.B.521213', '1000005', 10000015, '> Dalam rangka pembuatan guidance untuk eksportir', 0, '0', 0, 7500000, '', 7),
	('4124.BAH.001.051.B.521213.RM', '10000016', '4124.BAH.001.051.B.521213', '1000005', 10000016, '- Ketua [1 OR x 2 BLN]', 2, ' OB', 650000, 1300000, '', 7),
	('4124.BAH.001.051.B.521213.RM', '10000017', '4124.BAH.001.051.B.521213', '1000005', 10000017, '- Wakil ketua [1 OR x 2 BLN]', 2, ' OB', 600000, 1200000, '', 7),
	('4124.BAH.001.051.B.521213.RM', '10000018', '4124.BAH.001.051.B.521213', '1000005', 10000018, '- Anggota [5 OR x 2 BLN]', 10, ' OB', 500000, 5000000, '', 7),
	('4124.BAH.001.051.B.522151.RM', '10000019', '4124.BAH.001.051.B.522151', '1000006', 10000019, '- Honor Narasumber K/L lain [2 OR x 1 JAM x 4 KL]', 8, ' OJ', 1400000, 11200000, '', 7),
	('4124.BAH.001.051.B.522151.RM', '10000020', '4124.BAH.001.051.B.522151', '1000006', 10000020, '- Honor Narasumber K/L [2 OR x 1 JAM x 4 KL]', 8, ' OJ', 1000000, 8000000, '', 7),
	('4124.BAH.001.051.B.522151.RM', '10000021', '4124.BAH.001.051.B.522151', '1000006', 10000021, '- Honor Moderator [2 OR x 4 KL]', 8, ' OK', 700000, 5600000, '', 7),
	('4124.BAH.001.051.B.522151.RM', '10000022', '4124.BAH.001.051.B.522151', '1000006', 10000022, '- Honor Narasumber  Rapat Forum Koordinasi dan Lintas Sektor terkait [1 OR x 2 JAM x 5 KL]', 10, ' OJ', 900000, 9000000, '', 7),
	('4124.BAH.001.051.B.524114.RM', '10000023', '4124.BAH.001.051.B.524114', '1000007', 10000023, '- paket pertemuan fullday peserta pusat [40 OR x 1 HR x 1 KL]', 40, ' OH', 392750, 15710000, '', 7),
	('4124.BAH.001.051.B.524114.RM', '10000024', '4124.BAH.001.051.B.524114', '1000007', 10000024, '- transport lokal peserta [20 0R x 1 HR x 1 KL]', 20, ' OK', 150000, 3000000, '', 7),
	('4124.BAH.001.051.B.524114.RM', '10000025', '4124.BAH.001.051.B.524114', '1000007', 10000025, '- uang harian rapat fullday peserta [20 OR x 1 HR x 1 KL]', 20, ' OH', 130000, 2600000, '', 7),
	('4124.BAH.001.051.C.524114.RM', '10000026', '4124.BAH.001.051.C.524114', '1000008', 10000026, '> Untuk peserta K/L lain Rapat dikantor BPOM', 0, '0', 0, 6750000, '', 7),
	('4124.BAH.001.051.C.524114.RM', '10000027', '4124.BAH.001.051.C.524114', '1000008', 10000027, '- Transport Dalam Kota [9 OR x 1 HR x 5 KL]', 45, ' OK', 150000, 6750000, '', 7),
	('4124.BAH.001.051.C.524114.RM', '10000028', '4124.BAH.001.051.C.524114', '1000008', 10000028, '> Rapat Lintas Sektor terkait', 0, '0', 0, 21660000, '', 7),
	('4124.BAH.001.051.C.524114.RM', '10000029', '4124.BAH.001.051.C.524114', '1000008', 10000029, '- Transport Dalam Kota [3 OR x 36 KL]', 108, ' OK', 150000, 16200000, '', 7),
	('4124.BAH.001.051.C.524114.RM', '10000030', '4124.BAH.001.051.C.524114', '1000008', 10000030, '- Uang Harian Fullday [2 OR x 1 HR x 21 KL]', 42, ' OH', 130000, 5460000, '', 7),
	('4124.BAH.001.051.C.524119.RM', '10000031', '4124.BAH.001.051.C.524119', '1000009', 10000031, '> Dalam rangka pertemuan dengan pelaku usaha dan K/L lain', 0, '0', 0, 0, '', 7),
	('4124.BAH.001.051.C.524119.RM', '10000032', '4124.BAH.001.051.C.524119', '1000009', 10000032, '- paket pertemuan fullday [35 OR x 1 HR x 1 KL]', 35, ' OH', 410000, 14350000, '', 7),
	('4124.BAH.001.051.C.524119.RM', '10000033', '4124.BAH.001.051.C.524119', '1000009', 10000033, '- transport peserta [35 0R x 1 HR x 1 KL]', 35, ' OK', 500000, 17500000, '', 7),
	('4124.BAH.001.051.C.524119.RM', '10000034', '4124.BAH.001.051.C.524119', '1000009', 10000034, '- uang harian rapat fullday peserta [35 OR x 1 HR x 1 KL]', 35, ' OH', 105000, 3675000, '', 7),
	('4124.BAH.001.052.A.521131.RM', '10000035', '4124.BAH.001.052.A.521131', '1000010', 10000035, '- Pembelian APD', 1, 'PKT', 8000000, 8000000, '', 7),
	('4124.BAH.001.052.A.521211.RM', '10000036', '4124.BAH.001.052.A.521211', '1000011', 10000036, '- Pengadaan ATK', 1, 'PKT', 4142000, 4142000, '', 7),
	('4124.BAH.001.052.A.521211.RM', '10000037', '4124.BAH.001.052.A.521211', '1000011', 10000037, '- Konsumsi (Makan) rapat [10 OR x 1 HR x 3 KL]', 30, ' OH', 48000, 1440000, '', 7),
	('4124.BAH.001.052.A.521211.RM', '10000038', '4124.BAH.001.052.A.521211', '1000011', 10000038, '- Konsumsi (Makan) rapat [10 OR x 1 HR x 3 KL]', 30, ' OH', 22000, 660000, '', 7),
	('4124.BAH.001.052.A.521213.RM', '10000039', '4124.BAH.001.052.A.521213', '1000012', 10000039, '> Honor Tim Spice Up The World', 0, '0', 0, 0, '', 7),
	('4124.BAH.001.052.A.521213.RM', '10000040', '4124.BAH.001.052.A.521213', '1000012', 10000040, '- Penanggung jawab [3 OR x 2 BLN]', 6, ' OB', 1250000, 7500000, '', 7),
	('4124.BAH.001.052.A.521213.RM', '10000041', '4124.BAH.001.052.A.521213', '1000012', 10000041, '-Ketua [4 OR x 2 BLN]', 8, ' OB', 1000000, 8000000, '', 7),
	('4124.BAH.001.052.A.521213.RM', '10000042', '4124.BAH.001.052.A.521213', '1000012', 10000042, '- Sekertaris [2 OR x 2 BLN]', 4, ' OB', 750000, 3000000, '', 7),
	('4124.BAH.001.052.A.521213.RM', '10000043', '4124.BAH.001.052.A.521213', '1000012', 10000043, '- Anggota [10 OR x 2 BLN]', 16, ' OB', 750000, 12000000, '', 7),
	('4124.BAH.001.052.A.522191.RM', '10000044', '4124.BAH.001.052.A.522191', '1000013', 10000044, '- Workshop Dukungan Ekspor oleh Sekolah Ekspor', 1, 'PKT', 40000000, 40000000, '', 7),
	('4124.BAH.001.052.A.521241.RM', '10000045', '4124.BAH.001.052.A.521241', '1000014', 10000045, '- Uji Swab test/Rapid Test dan Sejenisnya [41 OR x 1 KL]', 41, ' OK', 190000, 7790000, '', 7),
	('4124.BAH.001.052.A.524114.RM', '10000046', '4124.BAH.001.052.A.524114', '1000015', 10000046, '- paket pertemuan fullday peserta pusat [50 OR x 1 HR x 2 KL]', 100, ' OH', 433000, 43300000, '', 7),
	('4124.BAH.001.052.A.524114.RM', '10000047', '4124.BAH.001.052.A.524114', '1000015', 10000047, '- transport lokal peserta [65 0R x 1 HR x 1 KL]', 65, ' OK', 150000, 9750000, '', 7),
	('4124.BAH.001.052.A.524114.RM', '10000048', '4124.BAH.001.052.A.524114', '1000015', 10000048, '- uang harian rapat fullday peserta [65 OR x 1 HR x 1 KL]', 65, ' OH', 130000, 8450000, '', 7),
	('4124.BAH.001.052.B.521211.RM', '10000049', '4124.BAH.001.052.B.521211', '1000016', 10000049, '- Pengadaan ATK', 1, 'PKT', 1190000, 1190000, '', 7),
	('4124.BAH.001.052.B.521211.RM', '10000050', '4124.BAH.001.052.B.521211', '1000016', 10000050, '- Konsumsi (Makan) rapat [10 OR x 1 HR x 3 KL]', 30, ' OH', 48000, 1440000, '', 7),
	('4124.BAH.001.052.B.521211.RM', '10000051', '4124.BAH.001.052.B.521211', '1000016', 10000051, '- Konsumsi (Makan) rapat [10 OR x 1 HR x 3 KL]', 30, ' OH', 22000, 660000, '', 7),
	('4124.BAH.001.052.B.521213.RM', '10000052', '4124.BAH.001.052.B.521213', '1000017', 10000052, '> Dalam rangka pembuatan eksportir prioritas', 0, '0', 0, 7500000, '', 7),
	('4124.BAH.001.052.B.521213.RM', '10000053', '4124.BAH.001.052.B.521213', '1000017', 10000053, '- Ketua [1 OR x 2 BLN]', 2, ' OB', 650000, 1300000, '', 7),
	('4124.BAH.001.052.B.521213.RM', '10000054', '4124.BAH.001.052.B.521213', '1000017', 10000054, '- Wakil Ketua [1 OR x 2 BLN]', 2, ' OB', 600000, 1200000, '', 7),
	('4124.BAH.001.052.B.521213.RM', '10000055', '4124.BAH.001.052.B.521213', '1000017', 10000055, '- Anggota [5 OR x 2 BLN]', 10, ' OB', 500000, 5000000, '', 7),
	('4124.BAH.001.052.B.536111.RM', '10000056', '4124.BAH.001.052.B.536111', '1000018', 10000056, '- Pembuatan aplikasi raport pelaku usaha', 1, 'PKT', 40000000, 40000000, '', 7),
	('4124.BAH.001.052.C.521211.RM', '10000057', '4124.BAH.001.052.C.521211', '1000019', 10000057, '- Konsumsi (Makan) rapat [10 OR x 1 HR x 3 KL]', 30, ' OH', 48000, 1440000, '', 7),
	('4124.BAH.001.052.C.521211.RM', '10000058', '4124.BAH.001.052.C.521211', '1000019', 10000058, '- Konsumsi (Makan) rapat [10 OR x 1 HR x 3 KL]', 30, ' OH', 22000, 660000, '', 7),
	('4124.BAH.001.052.C.521219.RM', '10000059', '4124.BAH.001.052.C.521219', '1000020', 10000059, '- Biaya Keperluan Sehari-hari Pelayanan Publik', 10, 'PKT', 1403500, 14035000, '', 7),
	('4124.BAH.001.052.C.521219.RM', '10000060', '4124.BAH.001.052.C.521219', '1000020', 10000060, '- Pengadaan Perlengkapan Petugas Pelayanan Publik', 1, 'PKT', 19335000, 19335000, '', 7),
	('4124.BAH.001.052.C.521811.RM', '10000061', '4124.BAH.001.052.C.521811', '1000021', 10000061, '- Pencetakan', 5, 'PKT', 2000000, 10000000, '', 7),
	('4124.BAH.001.052.C.521811.RM', '10000062', '4124.BAH.001.052.C.521811', '1000021', 10000062, '- Pengadaan ATK', 12, 'PKT', 500000, 6000000, '', 7),
	('4124.BAH.001.052.C.536111.RM', '10000063', '4124.BAH.001.052.C.536111', '1000022', 10000063, '- Pengembangan subsite direktorat', 1, 'PKT', 30000000, 30000000, '', 7),
	('4124.BAH.001.053.A.521211.RM', '10000064', '4124.BAH.001.053.A.521211', '1000023', 10000064, '- Pengadaan ATK', 1, 'PKT', 970000, 970000, '', 7),
	('4124.BAH.001.053.A.521211.RM', '10000065', '4124.BAH.001.053.A.521211', '1000023', 10000065, '- Konsumsi (Makan) rapat [20 OR x 1 HR x 10 KL]', 200, ' OH', 48000, 9600000, '', 7),
	('4124.BAH.001.053.A.521211.RM', '10000066', '4124.BAH.001.053.A.521211', '1000023', 10000066, '- Konsumsi (Makan) rapat [20 OR x 1 HR x 10 KL]', 200, ' OH', 22000, 4400000, '', 7),
	('4124.BAH.001.053.A.521219.RM', '10000067', '4124.BAH.001.053.A.521219', '1000024', 10000067, '- Biaya perekaman', 1, 'PKT', 4000000, 4000000, '', 7),
	('4124.BAH.001.053.A.521219.RM', '10000068', '4124.BAH.001.053.A.521219', '1000024', 10000068, '- Pembuatan materi image branding [10 OR x 4 HR]', 40, ' OP', 100000, 4000000, '', 7),
	('4124.BAH.001.053.A.522191.RM', '10000069', '4124.BAH.001.053.A.522191', '1000025', 10000069, '- Video Animasi Online', 1, 'PKT', 40000000, 40000000, '', 7),
	('4124.BAH.001.053.A.522191.RM', '10000070', '4124.BAH.001.053.A.522191', '1000025', 10000070, '- Biaya Web Seminar', 1, 'PKT', 29000000, 29000000, '', 7),
	('4124.BAH.001.053.A.524113.RM', '10000071', '4124.BAH.001.053.A.524113', '1000026', 10000071, '- Transport Lokal [20 OR x 1 KL]', 20, ' OK', 150000, 3000000, '', 7),
	('4124.BAH.001.053.B.521211.RM', '10000072', '4124.BAH.001.053.B.521211', '1000027', 10000072, '- Pengadaan ATK', 1, 'PKT', 2930000, 2930000, '', 7),
	('4124.BAH.001.053.B.521211.RM', '10000073', '4124.BAH.001.053.B.521211', '1000027', 10000073, '- Konsumsi rapat [10 OR x 1 HR x 5 KL]', 50, ' OH', 22000, 1100000, '', 7),
	('4124.BAH.001.053.B.522191.RM', '10000074', '4124.BAH.001.053.B.522191', '1000028', 10000074, '- Penyelenggaraan survei kepuasan pelanggan', 1, 'PKT', 100000000, 100000000, '', 7),
	('4124.BIA.001.051.A.521211.RM', '10000075', '4124.BIA.001.051.A.521211', '1000029', 10000075, '- Konsumsi (Makan) Rapat [25 OR x 1 HR x 2 kl]', 50, ' OK', 48000, 2400000, '', 7),
	('4124.BIA.001.051.A.521211.RM', '10000076', '4124.BIA.001.051.A.521211', '1000029', 10000076, '- Konsumsi (Snack) Rapat [25 OR x 1 HR x 2 KL]', 50, ' OK', 22000, 1100000, '', 7),
	('4124.BIA.001.051.A.521211.RM', '10000077', '4124.BIA.001.051.A.521211', '1000029', 10000077, '- Pencetakan form pemeriksaan [1 KL x 1 PT]', 1, ' PT', 5000000, 5000000, '', 7),
	('4124.BIA.001.051.A.521211.RM', '10000078', '4124.BIA.001.051.A.521211', '1000029', 10000078, '- Pengadaan ATK', 2, ' PT', 2570000, 5140000, '', 7),
	('4124.BIA.001.051.A.521211.RM', '10000079', '4124.BIA.001.051.A.521211', '1000029', 10000079, '- Perlengkapan auditor', 2, ' PT', 5000000, 10000000, '', 7),
	('4124.BIA.001.051.A.521811.PNP', '10000080', '4124.BIA.001.051.A.521811', '1000030', 10000080, '- Pengadaan ATK', 1, ' PT', 8998000, 8998000, '', 7),
	('4124.BIA.001.051.A.522191.RM', '10000081', '4124.BIA.001.051.A.522191', '1000031', 10000081, '- Pembuatan Video Tatacara Sertifikasi SMKPO', 1, 'PKT', 65000000, 65000000, '', 7),
	('4124.BIA.001.051.A.524111.PNP', '10000082', '4124.BIA.001.051.A.524111', '1000032', 10000082, '> AUDIT VERIFIKASI SARANA DISTRIBUSI', 0, '0', 0, 0, '', 7),
	('4124.BIA.001.051.A.524111.PNP', '10000083', '4124.BIA.001.051.A.524111', '1000032', 10000083, '- Transport [2 OR x 22 KL]', 44, ' OK', 1778000, 78232000, '', 7),
	('4124.BIA.001.051.A.524111.PNP', '10000084', '4124.BIA.001.051.A.524111', '1000032', 10000084, '- Uang Harian [2 OR x 4 HR x 22 KL]', 176, ' OH', 380000, 66880000, '', 7),
	('4124.BIA.001.051.A.524111.PNP', '10000085', '4124.BIA.001.051.A.524111', '1000032', 10000085, '- Biaya Penginapan [2 OR x 3 HR x 22 KL]', 132, ' OH', 500000, 66000000, '', 7),
	('4124.BIA.001.051.A.524111.RM', '10000086', '4124.BIA.001.051.A.524111', '1000033', 10000086, '> AUDIT VERIFIKASI SARANA DISTRIBUSI', 0, '0', 0, 0, '', 7),
	('4124.BIA.001.051.A.524111.RM', '10000087', '4124.BIA.001.051.A.524111', '1000033', 10000087, '- Transport [2 OR x 12 KL]', 24, ' OK', 4258500, 102204000, '', 7),
	('4124.BIA.001.051.A.524111.RM', '10000088', '4124.BIA.001.051.A.524111', '1000033', 10000088, '- Uang Harian [2 OR x 4 HR x 12 KL]', 96, ' OH', 480000, 46080000, '', 7),
	('4124.BIA.001.051.A.524111.RM', '10000089', '4124.BIA.001.051.A.524111', '1000033', 10000089, '- Biaya Penginapan [2 OR x 3 HR x 12 KL]', 72, ' OH', 1100000, 79200000, '', 7),
	('4124.BIA.001.051.A.524113.PNP', '10000090', '4124.BIA.001.051.A.524113', '1000034', 10000090, '> Verifikasi di Jakarta', 0, '0', 0, 15000000, '', 7),
	('4124.BIA.001.051.A.524113.PNP', '10000091', '4124.BIA.001.051.A.524113', '1000034', 10000091, '- Transport lokal rapat lintas sektor [2 OR x 50 KL]', 100, ' OK', 150000, 15000000, '', 7),
	('4124.BIA.001.051.A.524113.RM', '10000092', '4124.BIA.001.051.A.524113', '1000035', 10000092, '> Verifikasi di Jakarta', 0, '0', 0, 20400000, '', 7),
	('4124.BIA.001.051.A.524113.RM', '10000093', '4124.BIA.001.051.A.524113', '1000035', 10000093, '- Transport [2 OR x 1 HR x 20 KL]', 40, ' OK', 150000, 6000000, '', 7),
	('4124.BIA.001.051.A.524113.RM', '10000094', '4124.BIA.001.051.A.524113', '1000035', 10000094, '- Uang Harian [2 OR x 1 HR x 20 KL]', 40, ' OH', 210000, 8400000, '', 7),
	('4124.BIA.001.051.A.524113.RM', '10000095', '4124.BIA.001.051.A.524113', '1000035', 10000095, '- Transport lokal rapat lintas sektor [2 OR x 20 KL]', 40, ' OK', 150000, 6000000, '', 7),
	('4124.BIA.001.051.A.524114.RM', '10000096', '4124.BIA.001.051.A.524114', '1000036', 10000096, '- Transport peserta [26 OR x 1 HR x 2 KL]', 52, ' OK', 150000, 7800000, '', 7),
	('4124.BIA.001.051.A.524114.RM', '10000097', '4124.BIA.001.051.A.524114', '1000036', 10000097, '- Uang harian fullday [26 OR x 1 HR x 2 KL]', 52, ' OH', 130000, 6760000, '', 7),
	('4124.BIA.001.051.A.524114.RM', '10000098', '4124.BIA.001.051.A.524114', '1000036', 10000098, '- Paket pertemuan [26 OR x 1 HR x 2 KL]', 52, ' OH', 430000, 22360000, '', 7),
	('4124.BIA.001.051.B.524211.PNP', '10000099', '4124.BIA.001.051.B.524211', '1000037', 10000099, '- Uang Harian Peserta [1 OR x 14 HR ]', 14, ' OH', 7332500, 102655000, '', 7),
	('4124.BIA.001.051.B.524211.PNP', '10000100', '4124.BIA.001.051.B.524211', '1000037', 10000100, '- Transport Peserta [1 OR x 1 TR]', 1, ' OT', 60000000, 60000000, '', 7),
	('4124.BIA.001.051.B.536121.PNP', '10000101', '4124.BIA.001.051.B.536121', '1000038', 10000101, '- Pengembangan aplikasi e-post border', 1, 'PKT', 20000000, 20000000, '', 7),
	('4124.BIA.001.051.C.521211.RM', '10000102', '4124.BIA.001.051.C.521211', '1000039', 10000102, '- Konsumsi (makan) rapat [45 OR x 1 HR x 3 KL]', 135, ' OK', 48000, 6480000, '', 7),
	('4124.BIA.001.051.C.521211.RM', '10000103', '4124.BIA.001.051.C.521211', '1000039', 10000103, '- Konsumsi Snack Rapat [45 OR x 1 HR x 3 KL]', 135, ' OK', 22000, 2970000, '', 7),
	('4124.BIA.001.051.C.521211.RM', '10000104', '4124.BIA.001.051.C.521211', '1000039', 10000104, '- Penggandaan', 1, ' PT', 1928000, 1928000, '', 7),
	('4124.BIA.001.051.C.521211.RM', '10000105', '4124.BIA.001.051.C.521211', '1000039', 10000105, '- Pengadaan ATK dan Keperluan komputer', 1, ' PT', 2388000, 2388000, '', 7),
	('4124.BIA.001.051.C.521211.RM', '10000106', '4124.BIA.001.051.C.521211', '1000039', 10000106, '- Pencetakan Buku Laporan Intensifikasi Pengawasan Pangan Olahan', 1, ' PT', 3500000, 3500000, '', 7),
	('4124.BIA.001.051.C.521211.RM', '10000107', '4124.BIA.001.051.C.521211', '1000039', 10000107, '- pengadaan perlengkapan petugas pengawas pangan', 50, 'PKT', 351000, 17550000, '', 7),
	('4124.BIA.001.051.C.521211.RM', '10000108', '4124.BIA.001.051.C.521211', '1000039', 10000108, '- Pencetakan spanduk dan backdrop', 1, 'PKT', 5000000, 5000000, '', 7),
	('4124.BIA.001.051.C.521213.RM', '10000109', '4124.BIA.001.051.C.521213', '1000040', 10000109, '> Tim Respon Cepat', 0, '0', 0, 28050000, '', 7),
	('4124.BIA.001.051.C.521213.RM', '10000110', '4124.BIA.001.051.C.521213', '1000040', 10000110, '- Pembina [1 OR x 1 BLN]', 1, ' OB', 750000, 750000, '', 7),
	('4124.BIA.001.051.C.521213.RM', '10000111', '4124.BIA.001.051.C.521213', '1000040', 10000111, '- Ketua [2 OR x 1 BLN]', 2, ' OB', 650000, 1300000, '', 7),
	('4124.BIA.001.051.C.521213.RM', '10000112', '4124.BIA.001.051.C.521213', '1000040', 10000112, '- Wakil Ketua [2 OR x 1 BLN]', 2, ' OB', 500000, 1000000, '', 7),
	('4124.BIA.001.051.C.521213.RM', '10000113', '4124.BIA.001.051.C.521213', '1000040', 10000113, '- Anggota [50 OR x 1 BLN]', 50, ' OB', 500000, 25000000, '', 7),
	('4124.BIA.001.051.C.521241.RM', '10000114', '4124.BIA.001.051.C.521241', '1000041', 10000114, 'Biaya Swab (56 or x 1 KL)', 56, ' OK', 250000, 14000000, '', 7),
	('4124.BIA.001.051.C.522151.RM', '10000115', '4124.BIA.001.051.C.522151', '1000042', 10000115, 'Honor narasumber setara Menteri/Kepala Badan [1 OR x 3 JAM x 1 KL)', 3, ' OK', 1700000, 5100000, '', 7),
	('4124.BIA.001.051.C.522151.RM', '10000116', '4124.BIA.001.051.C.522151', '1000042', 10000116, 'Honor narasumber setara Eselon I [2 OR x 2 JAM x 2 KL]', 8, ' OK', 1400000, 11200000, '', 7),
	('4124.BIA.001.051.C.522151.RM', '10000117', '4124.BIA.001.051.C.522151', '1000042', 10000117, 'Honor moderator [2 OR x 2 KL]', 4, ' OK', 700000, 2800000, '', 7),
	('4124.BIA.001.051.C.522191.PNP', '10000118', '4124.BIA.001.051.C.522191', '1000043', 10000118, '- Biaya jasa penyelenggaraan teleconference', 6, 'PKT', 5500000, 33000000, '', 7),
	('4124.BIA.001.051.C.522191.RM', '10000119', '4124.BIA.001.051.C.522191', '1000044', 10000119, 'Belanja jasa penyelenggaraan press conference', 1, 'PKT', 20000000, 20000000, '', 7),
	('4124.BIA.001.051.C.522191.RM', '10000120', '4124.BIA.001.051.C.522191', '1000044', 10000120, 'Biaya jasa penyelenggaran kegiatan publikasi dan placement pemberitaan ke media', 1, 'PKT', 15040000, 15040000, '', 7),
	('4124.BIA.001.051.C.522191.RM', '10000121', '4124.BIA.001.051.C.522191', '1000044', 10000121, 'Belanja jasa intensifikasi data pengawasan', 1, 'PKT', 40000000, 40000000, '', 7),
	('4124.BIA.001.051.C.524111.RM', '10000122', '4124.BIA.001.051.C.524111', '1000045', 10000122, 'Transport [2 OR x 2 KL]', 4, ' OK', 3425000, 13700000, '', 7),
	('4124.BIA.001.051.C.524111.RM', '10000123', '4124.BIA.001.051.C.524111', '1000045', 10000123, 'Uang Harian [2 OR x 4 HR x 2 TR]', 16, ' OH', 430000, 6880000, '', 7),
	('4124.BIA.001.051.C.524111.RM', '10000124', '4124.BIA.001.051.C.524111', '1000045', 10000124, 'Biaya Penginapan [2 OR x 3 HR x 2 TR]', 12, ' OH', 900000, 10800000, '', 7),
	('4124.BIA.001.051.C.524113.RM', '10000125', '4124.BIA.001.051.C.524113', '1000046', 10000125, 'Transport lokal [10 OR x 1 HR x 2 KL]', 20, ' OK', 150000, 3000000, '', 7),
	('4124.BIA.001.051.C.524113.RM', '10000126', '4124.BIA.001.051.C.524113', '1000046', 10000126, 'Uang harian dalam kota [10 OR x 1 HR x 2 KL]', 20, ' OK', 210000, 4200000, '', 7),
	('4124.BIA.001.051.C.524114.RM', '10000127', '4124.BIA.001.051.C.524114', '1000047', 10000127, 'Transport peserta [30 OR x 1 HR x 1 KL]', 30, ' OK', 150000, 4500000, '', 7),
	('4124.BIA.001.051.C.524114.RM', '10000128', '4124.BIA.001.051.C.524114', '1000047', 10000128, 'Uang harian fullday [30 OR x 1 HR x 1 KL]', 30, ' OH', 130000, 3900000, '', 7),
	('4124.BIA.001.051.C.524114.RM', '10000129', '4124.BIA.001.051.C.524114', '1000047', 10000129, 'Paket pertemuan [30 OR x 1 HR x 1 KL]', 30, ' OH', 360000, 10800000, '', 7),
	('4124.BIA.001.051.C.524114.RM', '10000130', '4124.BIA.001.051.C.524114', '1000047', 10000130, 'Dalam rangka sosialisasi', 0, '0', 0, 0, '', 7),
	('4124.BIA.001.051.C.524114.RM', '10000131', '4124.BIA.001.051.C.524114', '1000047', 10000131, 'Peserta Pusat', 0, '0', 0, 0, '', 7),
	('4124.BIA.001.051.C.524114.RM', '10000132', '4124.BIA.001.051.C.524114', '1000047', 10000132, 'Transport peserta [38 OR x 1 HR x 1 KL]', 38, ' OK', 150000, 5700000, '', 7),
	('4124.BIA.001.051.C.524114.RM', '10000133', '4124.BIA.001.051.C.524114', '1000047', 10000133, 'Uang harian fullday [38 OR x 1 HR x 1 KL]', 38, ' OH', 130000, 4940000, '', 7),
	('4124.BIA.001.051.C.524114.RM', '10000134', '4124.BIA.001.051.C.524114', '1000047', 10000134, 'Paket pertemuan [38 OR x 1 HR x 1 KL]', 38, ' OH', 510000, 19380000, '', 7),
	('4124.BIA.001.051.C.524114.RM', '10000135', '4124.BIA.001.051.C.524114', '1000047', 10000135, 'Peserta Daerah', 0, '0', 0, 0, '', 7),
	('4124.BIA.001.051.C.524114.RM', '10000136', '4124.BIA.001.051.C.524114', '1000047', 10000136, 'Transport peserta [20 OR x 1 HR x 1 KL]', 20, ' OK', 700000, 14000000, '', 7),
	('4124.BIA.001.051.C.524114.RM', '10000137', '4124.BIA.001.051.C.524114', '1000047', 10000137, 'Penginapan peserta [20 OR x 1 HR x 1 KL]', 20, ' OH', 900000, 18000000, '', 7),
	('4124.BIA.001.051.C.524114.RM', '10000138', '4124.BIA.001.051.C.524114', '1000047', 10000138, 'Uang harian [20 OR x 1 HR x 1 KL]', 20, ' OH', 530000, 10600000, '', 7),
	('4124.BIA.001.051.C.524114.RM', '10000139', '4124.BIA.001.051.C.524114', '1000047', 10000139, 'Uang harian fullday [20 OR x 1 HR x 1 KL]', 20, ' OH', 130000, 2600000, '', 7),
	('4124.BIA.001.051.C.524114.RM', '10000140', '4124.BIA.001.051.C.524114', '1000047', 10000140, 'Paket pertemuan fullday [20 OR x 1 HR x 1 KL]', 20, ' OH', 510000, 10200000, '', 7),
	('4124.BIA.001.051.D.521211.RM', '10000141', '4124.BIA.001.051.D.521211', '1000048', 10000141, '- Konsumsi (makan) rapat [30 OR x 1 HR x 5 KL]', 150, ' OK', 48000, 7200000, '', 7),
	('4124.BIA.001.051.D.521211.RM', '10000142', '4124.BIA.001.051.D.521211', '1000048', 10000142, '- Konsumsi Snack Rapat [30 OR x 1 HR x 5 KL]', 160, ' OK', 22000, 3300000, '', 7),
	('4124.BIA.001.051.D.521211.RM', '10000143', '4124.BIA.001.051.D.521211', '1000048', 10000143, '- Pengadaan ATK dan Keperluan komputer', 1, ' PT', 2588000, 2588000, '', 7),
	('4124.BIA.001.051.D.522141.RM', '10000144', '4124.BIA.001.051.D.522141', '1000049', 10000144, '- Biaya sewa kendaraan [1 unit x 3KL]', 3, 'NIT', 750000, 2250000, '', 7),
	('4124.BIA.001.051.D.522141.RM', '10000145', '4124.BIA.001.051.D.522141', '1000049', 10000145, '- Biaya sewa tempat pertemuan [1 RUANG x 1 HR x 3 KL]', 3, ' RH', 5500000, 16500000, '', 7),
	('4124.BIA.001.051.D.522151.PNP', '10000146', '4124.BIA.001.051.D.522151', '1000050', 10000146, '- Honor narasumber K/L lain [2 OR x 1 JAM x 6 KL]', 12, ' OJ', 1400000, 16800000, '', 7),
	('4124.BIA.001.051.D.522151.PNP', '10000147', '4124.BIA.001.051.D.522151', '1000050', 10000147, '- Honor narasumber [2 OR x 2 JAM x 9 KL]', 36, ' OJ', 1000000, 36000000, '', 7),
	('4124.BIA.001.051.D.522151.PNP', '10000148', '4124.BIA.001.051.D.522151', '1000050', 10000148, '- Moderator [1 OR x 5 KEG]', 5, ' OK', 700000, 3500000, '', 7),
	('4124.BIA.001.051.D.522191.PNP', '10000149', '4124.BIA.001.051.D.522191', '1000051', 10000149, '- Biaya keikutsertaan pertemuan/sidang seminar/workshop [1 OR x 5 KL]', 5, 'PKT', 1000000, 5000000, '', 7),
	('4124.BIA.001.051.D.524111.PNP', '10000150', '4124.BIA.001.051.D.524111', '1000052', 10000150, '- Transport [2 OR x 1 HR x 2 TR]', 4, ' OT', 6606250, 26425000, '', 7),
	('4124.BIA.001.051.D.524111.PNP', '10000151', '4124.BIA.001.051.D.524111', '1000052', 10000151, '- Penginapan [2 OR x 3 HR x 4 KL]', 24, ' OH', 1900000, 45600000, '', 7),
	('4124.BIA.001.051.D.524111.PNP', '10000152', '4124.BIA.001.051.D.524111', '1000052', 10000152, '- Uang harian [2 OR x 4 HR x 4 TR]', 32, ' OH', 480000, 15360000, '', 7),
	('4124.BIA.001.051.D.524113.PNP', '10000153', '4124.BIA.001.051.D.524113', '1000053', 10000153, '- Transport lokal [16OR x 1 HR x 1 KL]', 16, ' OK', 150000, 2400000, '', 7),
	('4124.BIA.001.051.D.524114.RM', '10000154', '4124.BIA.001.051.D.524114', '1000054', 10000154, '- Transport peserta [22 OR x 1 HR x 3 KL]', 66, ' OK', 150000, 9900000, '', 7),
	('4124.BIA.001.051.D.524114.RM', '10000155', '4124.BIA.001.051.D.524114', '1000054', 10000155, '- Uang harian fullday [22 OR x 1 HR x 3 KL]', 66, ' OK', 130000, 8580000, '', 7),
	('4124.BIA.001.051.D.524114.RM', '10000156', '4124.BIA.001.051.D.524114', '1000054', 10000156, '- Paket pertemuan [22 OR x 1 HR x 3 KL]', 66, ' OK', 430000, 28380000, '', 7),
	('4124.BIA.001.051.E.521131.PNP', '10000157', '4124.BIA.001.051.E.521131', '1000055', 10000157, '- Pembelian APD', 1, ' PT', 1220000, 1220000, '', 7),
	('4124.BIA.001.051.E.521211.PNP', '10000158', '4124.BIA.001.051.E.521211', '1000056', 10000158, '> Dalam rangka KIE', 0, '0', 0, 230130000, '', 7),
	('4124.BIA.001.051.E.521211.PNP', '10000159', '4124.BIA.001.051.E.521211', '1000056', 10000159, '>> Jawa Barat', 0, '0', 0, 89280000, '', 7),
	('4124.BIA.001.051.E.521211.PNP', '10000160', '4124.BIA.001.051.E.521211', '1000056', 10000160, '- ATK', 2, ' PT', 650000, 1300000, '', 7),
	('4124.BIA.001.051.E.521211.PNP', '10000161', '4124.BIA.001.051.E.521211', '1000056', 10000161, '- Spanduk', 2, ' PT', 200000, 400000, '', 7),
	('4124.BIA.001.051.E.521211.PNP', '10000162', '4124.BIA.001.051.E.521211', '1000056', 10000162, '- Konsumsi (makan) [270 OR x 1 HR x 2 KL]', 540, ' OK', 45000, 24300000, '', 7),
	('4124.BIA.001.051.E.521211.PNP', '10000163', '4124.BIA.001.051.E.521211', '1000056', 10000163, '- Konsumsi snack [270 OR x 1 HR x 2 KL]', 540, ' OK', 15000, 8100000, '', 7),
	('4124.BIA.001.051.E.521211.PNP', '10000164', '4124.BIA.001.051.E.521211', '1000056', 10000164, '- Perlengkapan peserta [270 OR x 2 KL]', 540, ' PT', 70000, 37800000, '', 7),
	('4124.BIA.001.051.E.521211.PNP', '10000165', '4124.BIA.001.051.E.521211', '1000056', 10000165, '- Pengadaan bahan promosi dan produk informasi', 2, ' PT', 8690000, 17380000, '', 7),
	('4124.BIA.001.051.E.521211.PNP', '10000166', '4124.BIA.001.051.E.521211', '1000056', 10000166, '>> Jawa Timur', 0, '0', 0, 140850000, '', 7),
	('4124.BIA.001.051.E.521211.PNP', '10000167', '4124.BIA.001.051.E.521211', '1000056', 10000167, '- Konsumsi (makan) [520 OR x 1 HR x 3 KL]', 1560, ' OK', 40000, 62400000, '', 7),
	('4124.BIA.001.051.E.521211.PNP', '10000168', '4124.BIA.001.051.E.521211', '1000056', 10000168, '- Konsumsi Snack [520 OR x 1 HR x 3 KL]', 1560, ' OK', 10000, 15600000, '', 7),
	('4124.BIA.001.051.E.521211.PNP', '10000169', '4124.BIA.001.051.E.521211', '1000056', 10000169, '- Spanduk', 3, ' PT', 150000, 450000, '', 7),
	('4124.BIA.001.051.E.521211.PNP', '10000170', '4124.BIA.001.051.E.521211', '1000056', 10000170, '- Perlengkapan peserta [520 OR x 3 KL]', 1560, ' PT', 40000, 62400000, '', 7),
	('4124.BIA.001.051.E.521213.PNP', '10000171', '4124.BIA.001.051.E.521213', '1000057', 10000171, '> Dalam rangka KIE', 0, '0', 0, 20450000, '', 7),
	('4124.BIA.001.051.E.521213.PNP', '10000172', '4124.BIA.001.051.E.521213', '1000057', 10000172, '>> Jawa Barat', 0, '0', 0, 10700000, '', 7),
	('4124.BIA.001.051.E.521213.PNP', '10000173', '4124.BIA.001.051.E.521213', '1000057', 10000173, '- Penanggungjawab [1 OR x 2 KEG]', 2, ' OK', 450000, 900000, '', 7),
	('4124.BIA.001.051.E.521213.PNP', '10000174', '4124.BIA.001.051.E.521213', '1000057', 10000174, '- Ketua [1 OR x 2 KEG]', 2, ' OK', 400000, 800000, '', 7),
	('4124.BIA.001.051.E.521213.PNP', '10000175', '4124.BIA.001.051.E.521213', '1000057', 10000175, '- Sekretaris [1 OR x 2 KEG]', 2, ' OK', 300000, 600000, '', 7),
	('4124.BIA.001.051.E.521213.PNP', '10000176', '4124.BIA.001.051.E.521213', '1000057', 10000176, '- Anggota [14 OR x 2 KEG]', 28, ' OK', 300000, 8400000, '', 7),
	('4124.BIA.001.051.E.521213.PNP', '10000177', '4124.BIA.001.051.E.521213', '1000057', 10000177, '>> Jawa Timur', 0, '0', 0, 9750000, '', 7),
	('4124.BIA.001.051.E.521213.PNP', '10000178', '4124.BIA.001.051.E.521213', '1000057', 10000178, '- Penanggungjawab [1 OR x 3 KEG]', 3, ' OK', 450000, 1350000, '', 7),
	('4124.BIA.001.051.E.521213.PNP', '10000179', '4124.BIA.001.051.E.521213', '1000057', 10000179, '- Ketua [1 OR x 3 KEG] ', 3, ' OK', 400000, 1200000, '', 7),
	('4124.BIA.001.051.E.521213.PNP', '10000180', '4124.BIA.001.051.E.521213', '1000057', 10000180, '- Sekretaris [1 OR x 3 KEG]', 3, ' OK', 300000, 900000, '', 7),
	('4124.BIA.001.051.E.521213.PNP', '10000181', '4124.BIA.001.051.E.521213', '1000057', 10000181, '- Anggota [7 OR x 3 KEG]', 21, ' OK', 300000, 6300000, '', 7),
	('4124.BIA.001.051.E.521219.PNP', '10000182', '4124.BIA.001.051.E.521219', '1000058', 10000182, '- Dokumentasi peliputan', 2, ' PT', 2000000, 4000000, '', 7),
	('4124.BIA.001.051.E.521241.PNP', '10000183', '4124.BIA.001.051.E.521241', '1000059', 10000183, '- Uji swab/rapid antigen/rapid test dan sejenisnya [20 OR x 5 KL]', 100, ' OK', 250000, 25000000, '', 7),
	('4124.BIA.001.051.E.522141.PNP', '10000184', '4124.BIA.001.051.E.522141', '1000060', 10000184, '> Dalam rangka KIE', 0, '0', 0, 24850000, '', 7),
	('4124.BIA.001.051.E.522141.PNP', '10000185', '4124.BIA.001.051.E.522141', '1000060', 10000185, '', 0, '0', 0, 13600000, '', 7),
	('4124.BIA.001.051.E.522141.PNP', '10000186', '4124.BIA.001.051.E.522141', '1000060', 10000186, '- Biaya Sewa Kendaraan', 2, 'nit', 800000, 1600000, '', 7),
	('4124.BIA.001.051.E.522141.PNP', '10000187', '4124.BIA.001.051.E.522141', '1000060', 10000187, '- Biaya Sewa Tempat pertemuan', 2, ' RH', 6000000, 12000000, '', 7),
	('4124.BIA.001.051.E.522141.PNP', '10000188', '4124.BIA.001.051.E.522141', '1000060', 10000188, 'Jawa Timur', 0, '0', 0, 11250000, '', 7),
	('4124.BIA.001.051.E.522141.PNP', '10000189', '4124.BIA.001.051.E.522141', '1000060', 10000189, '- Biaya Sewa Kendaraan', 3, 'nit', 750000, 2250000, '', 7),
	('4124.BIA.001.051.E.522141.PNP', '10000190', '4124.BIA.001.051.E.522141', '1000060', 10000190, '- Biaya Sewa Tempat pertemuan', 3, ' RH', 3000000, 9000000, '', 7),
	('4124.BIA.001.051.E.522151.PNP', '10000191', '4124.BIA.001.051.E.522151', '1000061', 10000191, '> Dalam rangka KIE', 0, '0', 0, 44200000, '', 7),
	('4124.BIA.001.051.E.522151.PNP', '10000192', '4124.BIA.001.051.E.522151', '1000061', 10000192, '>> Jawa Barat', 0, '0', 0, 13600000, '', 7),
	('4124.BIA.001.051.E.522151.PNP', '10000193', '4124.BIA.001.051.E.522151', '1000061', 10000193, 'Honor narasumber pejabat negara [1 OR x 4 JAM x 2 KL]', 8, ' OJ', 1700000, 13600000, '', 7),
	('4124.BIA.001.051.E.522151.PNP', '10000194', '4124.BIA.001.051.E.522151', '1000061', 10000194, '>> Jawa Timur', 0, '0', 0, 30600000, '', 7),
	('4124.BIA.001.051.E.522151.PNP', '10000195', '4124.BIA.001.051.E.522151', '1000061', 10000195, '- Honor narasumber pejabat negara [1 OR x 6 JAM x 3 KL]', 18, ' OJ', 1700000, 30600000, '', 7),
	('4124.BIA.001.051.E.524111.PNP', '10000196', '4124.BIA.001.051.E.524111', '1000062', 10000196, '> Dalam rangka KIE', 0, '0', 0, 0, '', 7),
	('4124.BIA.001.051.E.524111.PNP', '10000197', '4124.BIA.001.051.E.524111', '1000062', 10000197, '> Lintas sektor', 0, '0', 0, 52450000, '', 7),
	('4124.BIA.001.051.E.524111.PNP', '10000198', '4124.BIA.001.051.E.524111', '1000062', 10000198, '>> Jawa Barat', 0, '0', 0, 13900000, '', 7),
	('4124.BIA.001.051.E.524111.PNP', '10000199', '4124.BIA.001.051.E.524111', '1000062', 10000199, '- Transport [2 OR x 1 HR x 2 KL]', 4, ' OT', 1000000, 4000000, '', 7),
	('4124.BIA.001.051.E.524111.PNP', '10000200', '4124.BIA.001.051.E.524111', '1000062', 10000200, '- Penginapan [1 OR x 2 HR x 2 KL]', 4, ' OH', 800000, 3200000, '', 7),
	('4124.BIA.001.051.E.524111.PNP', '10000201', '4124.BIA.001.051.E.524111', '1000062', 10000201, '- Penginapan [1 OR x 2 HR x 2 KL]', 4, ' OH', 600000, 2400000, '', 7),
	('4124.BIA.001.051.E.524111.PNP', '10000202', '4124.BIA.001.051.E.524111', '1000062', 10000202, '- Uang harian [1 OR x 2 HR x 2 KL]', 4, ' OH', 430000, 1720000, '', 7),
	('4124.BIA.001.051.E.524111.PNP', '10000203', '4124.BIA.001.051.E.524111', '1000062', 10000203, '- Uang harian [1 OR x 3 HR x 2 KL]', 6, ' OH', 430000, 2580000, '', 7),
	('4124.BIA.001.051.E.524111.PNP', '10000204', '4124.BIA.001.051.E.524111', '1000062', 10000204, '>> Jawa Timur', 0, '0', 0, 38550000, '', 7),
	('4124.BIA.001.051.E.524111.PNP', '10000205', '4124.BIA.001.051.E.524111', '1000062', 10000205, '- Transport [2 OR x 1 HR x 3 KL]', 6, ' OT', 4000000, 24000000, '', 7),
	('4124.BIA.001.051.E.524111.PNP', '10000206', '4124.BIA.001.051.E.524111', '1000062', 10000206, '- Penginapan [1 OR x 2 HR x 3 KL]', 6, ' OH', 800000, 4800000, '', 7),
	('4124.BIA.001.051.E.524111.PNP', '10000207', '4124.BIA.001.051.E.524111', '1000062', 10000207, '- Penginapan [1 OR x 2 HR x 3 KL]', 6, ' OH', 600000, 3600000, '', 7),
	('4124.BIA.001.051.E.524111.PNP', '10000208', '4124.BIA.001.051.E.524111', '1000062', 10000208, '- Uang harian [1 OR x 2 HR x 3 KL]', 6, ' OH', 410000, 2460000, '', 7),
	('4124.BIA.001.051.E.524111.PNP', '10000209', '4124.BIA.001.051.E.524111', '1000062', 10000209, '- Uang harian [1 OR x 2 HR x 3 KL]', 6, ' OH', 410000, 3690000, '', 7),
	('4124.BIA.001.051.E.524111.PNP', '10000210', '4124.BIA.001.051.E.524111', '1000062', 10000210, '> Pendampingan Pusat', 0, '0', 0, 110565000, '', 7),
	('4124.BIA.001.051.E.524111.PNP', '10000211', '4124.BIA.001.051.E.524111', '1000062', 10000211, '>> Jawa Barat', 0, '0', 0, 35700000, '', 7),
	('4124.BIA.001.051.E.524111.PNP', '10000212', '4124.BIA.001.051.E.524111', '1000062', 10000212, '- Transport [5 OR x 1 HR x 2 KL]', 10, ' OT', 1000000, 10000000, '', 7),
	('4124.BIA.001.051.E.524111.PNP', '10000213', '4124.BIA.001.051.E.524111', '1000062', 10000213, '- Penginapan [1 OR x 2 HR x 2 KL]', 4, ' OH', 800000, 3200000, '', 7),
	('4124.BIA.001.051.E.524111.PNP', '10000214', '4124.BIA.001.051.E.524111', '1000062', 10000214, '- Penginapan [4 OR x 2 HR x 2 KL]', 16, ' OH', 600000, 9600000, '', 7),
	('4124.BIA.001.051.E.524111.PNP', '10000215', '4124.BIA.001.051.E.524111', '1000062', 10000215, '- Uang harian [5 OR x 3 HR x 2 KL]', 30, ' OH', 430000, 12900000, '', 7),
	('4124.BIA.001.051.E.524111.PNP', '10000216', '4124.BIA.001.051.E.524111', '1000062', 10000216, '>> Jawa Timur', 0, '0', 0, 74865000, '', 7),
	('4124.BIA.001.051.E.524111.PNP', '10000217', '4124.BIA.001.051.E.524111', '1000062', 10000217, '- Transport [5 OR x 1 HR x 3 KL]', 15, ' OT', 2641000, 39615000, '', 7),
	('4124.BIA.001.051.E.524111.PNP', '10000218', '4124.BIA.001.051.E.524111', '1000062', 10000218, '- Penginapan [1 OR x 2 HR x 3 KL]', 6, ' OH', 800000, 4800000, '', 7),
	('4124.BIA.001.051.E.524111.PNP', '10000219', '4124.BIA.001.051.E.524111', '1000062', 10000219, '- Penginapan [4 OR x 2 HR x 3 KL]', 24, ' OH', 500000, 12000000, '', 7),
	('4124.BIA.001.051.E.524111.PNP', '10000220', '4124.BIA.001.051.E.524111', '1000062', 10000220, '- Uang harian [5 OR x 3 HR x 3 KL]', 45, ' OH', 410000, 18450000, '', 7),
	('4124.BIA.001.051.E.524111.PNP', '10000221', '4124.BIA.001.051.E.524111', '1000062', 10000221, '> Pendampingan BB/BPOM', 0, '0', 0, 26540000, '', 7),
	('4124.BIA.001.051.E.524111.PNP', '10000222', '4124.BIA.001.051.E.524111', '1000062', 10000222, '>> Jawa Barat', 0, '0', 0, 10760000, '', 7),
	('4124.BIA.001.051.E.524111.PNP', '10000223', '4124.BIA.001.051.E.524111', '1000062', 10000223, '- Transport [2 OR x 1 HR x 2 KL]', 4, ' OT', 400000, 1600000, '', 7),
	('4124.BIA.001.051.E.524111.PNP', '10000224', '4124.BIA.001.051.E.524111', '1000062', 10000224, '- Penginapan [2 OR x 2 HR x 2 KL]', 8, ' OH', 500000, 4000000, '', 7),
	('4124.BIA.001.051.E.524111.PNP', '10000225', '4124.BIA.001.051.E.524111', '1000062', 10000225, '- Uang harian [2 OR x 3 HR x 2 KL]', 12, ' OH', 430000, 5160000, '', 7),
	('4124.BIA.001.051.E.524111.PNP', '10000226', '4124.BIA.001.051.E.524111', '1000062', 10000226, '>> Jawa Timur', 0, '0', 0, 15780000, '', 7),
	('4124.BIA.001.051.E.524111.PNP', '10000227', '4124.BIA.001.051.E.524111', '1000062', 10000227, '- Transport [2 OR x 1 HR x 3 KL]', 6, ' OT', 400000, 2400000, '', 7),
	('4124.BIA.001.051.E.524111.PNP', '10000228', '4124.BIA.001.051.E.524111', '1000062', 10000228, '- Penginapan [2 OR x 2 HR x 3KL]', 12, ' OH', 500000, 6000000, '', 7),
	('4124.BIA.001.051.E.524111.PNP', '10000229', '4124.BIA.001.051.E.524111', '1000062', 10000229, '- Uang harian [2 OR x 3 HR x 3 KL]', 18, ' OH', 410000, 7380000, '', 7),
	('4124.BIA.001.051.E.524119.PNP', '10000230', '4124.BIA.001.051.E.524119', '1000063', 10000230, '> Dalam rangka KIE', 0, '0', 0, 300000000, '', 7),
	('4124.BIA.001.051.E.524119.PNP', '10000231', '4124.BIA.001.051.E.524119', '1000063', 10000231, '>> Jawa Barat', 0, '0', 0, 75000000, '', 7),
	('4124.BIA.001.051.E.524119.PNP', '10000232', '4124.BIA.001.051.E.524119', '1000063', 10000232, '- Transport [250 OR x 1 HR x 2 KL]', 500, ' OK', 150000, 75000000, '', 7),
	('4124.BIA.001.051.E.524119.PNP', '10000233', '4124.BIA.001.051.E.524119', '1000063', 10000233, '>> Jawa Timur', 0, '0', 0, 225000000, '', 7),
	('4124.BIA.001.051.E.524119.PNP', '10000234', '4124.BIA.001.051.E.524119', '1000063', 10000234, '- Transport [500 OR x 1 HR x 3 KL]', 1500, ' OK', 150000, 225000000, '', 7),
	('4124.BIA.001.052.A.521131.RM', '10000235', '4124.BIA.001.052.A.521131', '1000064', 10000235, '- Pembelian APD', 1, ' PT', 1804000, 1804000, '', 7),
	('4124.BIA.001.052.A.521211.RM', '10000236', '4124.BIA.001.052.A.521211', '1000065', 10000236, '> DALAM RANGKA FORUM KONSULTASI PENGAWASAN PERIKLANAN DAN LABEL PANGAN DI PEREDARAN', 0, '0', 0, 17908000, '', 7),
	('4124.BIA.001.052.A.521211.RM', '10000237', '4124.BIA.001.052.A.521211', '1000065', 10000237, '- Pengadaan ATK [2 PT x 1 KL]', 2, ' PT', 852500, 1705000, '', 7),
	('4124.BIA.001.052.A.521211.RM', '10000238', '4124.BIA.001.052.A.521211', '1000065', 10000238, '- Penggandaan dan pelaporan', 1, ' PT', 869000, 869000, '', 7),
	('4124.BIA.001.052.A.521211.RM', '10000239', '4124.BIA.001.052.A.521211', '1000065', 10000239, 'Konsumsi (Makan) Rapat [26 OR x 1 HR x 6 KL]', 156, ' OK', 48000, 7488000, '', 7),
	('4124.BIA.001.052.A.521211.RM', '10000240', '4124.BIA.001.052.A.521211', '1000065', 10000240, 'Konsumsi (Snack) Rapat [26 OR x 1 HR x 6 KL]', 156, ' OK', 22000, 3432000, '', 7),
	('4124.BIA.001.052.A.521213.RM', '10000241', '4124.BIA.001.052.A.521213', '1000066', 10000241, '> Honor Tim Verifikasi Periklanan dan Pelabelan Pangan', 0, '0', 0, 23000000, '', 7),
	('4124.BIA.001.052.A.521213.RM', '10000242', '4124.BIA.001.052.A.521213', '1000066', 10000242, '- Ketua [1 OR x 5 BLN]', 5, ' OB', 400000, 2000000, '', 7),
	('4124.BIA.001.052.A.521213.RM', '10000243', '4124.BIA.001.052.A.521213', '1000066', 10000243, '- Sekretaris [1 OR x 5 BLN]', 5, ' OB', 300000, 1500000, '', 7),
	('4124.BIA.001.052.A.521213.RM', '10000244', '4124.BIA.001.052.A.521213', '1000066', 10000244, '- Anggota [13 OR x 5 BLN]', 65, ' OB', 300000, 19500000, '', 7),
	('4124.BIA.001.052.A.521241.RM', '10000245', '4124.BIA.001.052.A.521241', '1000067', 10000245, 'Biaya Swab (20 or x 3 KL)', 60, '60', 208000, 12480000, '', 7),
	('4124.BIA.001.052.A.522141.RM', '10000246', '4124.BIA.001.052.A.522141', '1000068', 10000246, '- Biaya sewa peralatan teleconference', 1, '1', 5250000, 5250000, '', 7),
	('4124.BIA.001.052.A.522151.RM', '10000247', '4124.BIA.001.052.A.522151', '1000069', 10000247, 'Honor narasumber ahli/pakar [2 OR x 2 JAM x 11 KL]', 44, ' OJ', 900000, 39600000, '', 7),
	('4124.BIA.001.052.A.522151.RM', '10000248', '4124.BIA.001.052.A.522151', '1000069', 10000248, 'Honor narasumber lintas sektor [1 OR x 3 JAM x 1KL]', 3, ' OJ', 900000, 2700000, '', 7),
	('4124.BIA.001.052.A.522151.RM', '10000249', '4124.BIA.001.052.A.522151', '1000069', 10000249, 'Honor moderator [1 OR x 1 KL]', 2, ' OK', 700000, 1400000, '', 7),
	('4124.BIA.001.052.A.522151.RM', '10000250', '4124.BIA.001.052.A.522151', '1000069', 10000250, 'Belanja jasa penyelenggaraan teleconference', 1, 'PKT', 6000000, 6000000, '', 7),
	('4124.BIA.001.052.A.522151.RM', '10000251', '4124.BIA.001.052.A.522151', '1000069', 10000251, '- Biaya jasa perekaman iklan pangan olahan [1 PKT x 12', 12, 'PKT', 7260000, 87120000, '', 7),
	('4124.BIA.001.052.A.522191.PNP', '10000252', '4124.BIA.001.052.A.522191', '1000070', 10000252, 'Belanja jasa perekaman iklan di media online', 1, 'pkt', 89815000, 89815000, '', 7),
	('4124.BIA.001.052.A.522191.PNP', '10000253', '4124.BIA.001.052.A.522191', '1000070', 10000253, 'Belanja jasa evaluasi perekaman iklan di media online', 1, 'pkt', 56000000, 56000000, '', 7),
	('4124.BIA.001.052.A.522191.PNP', '10000254', '4124.BIA.001.052.A.522191', '1000070', 10000254, 'Belanja jasa rekruitment dan mentoring kontributor iklan', 1, 'pkt', 132262000, 132262000, '', 7),
	('4124.BIA.001.052.A.524111.RM', '10000255', '4124.BIA.001.052.A.524111', '1000071', 10000255, '> DALAM RANGKA FORUM KOMUNIKASI PENGAWASAN PERIKLANAN DAN LABEL PANGAN DI PEREDARAN', 0, '0', 0, 0, '', 7),
	('4124.BIA.001.052.A.524111.RM', '10000256', '4124.BIA.001.052.A.524111', '1000071', 10000256, '> DALAM RANGKA SELEKSI TIM PENILAI IKLAN PANGAN', 0, '0', 0, 0, '', 7),
	('4124.BIA.001.052.A.524111.RM', '10000257', '4124.BIA.001.052.A.524111', '1000071', 10000257, '- Transport [2 OR x 1 HR x 3 TR]', 6, ' OT', 3117000, 18702000, '', 7),
	('4124.BIA.001.052.A.524111.RM', '10000258', '4124.BIA.001.052.A.524111', '1000071', 10000258, '- Penginapan [2 OR x 3 HR x 3 KL]', 18, ' OH', 610000, 10980000, '', 7),
	('4124.BIA.001.052.A.524111.RM', '10000259', '4124.BIA.001.052.A.524111', '1000071', 10000259, '- Uang harian [2 OR x 4 HR x 3 TR]', 24, ' OH', 430000, 10320000, '', 7),
	('4124.BIA.001.052.A.524114.RM', '10000260', '4124.BIA.001.052.A.524114', '1000072', 10000260, '> DALAM RANGKA FORUM KONSULTASI PENGAWASAN PERIKLANAN DAN LABEL PANGAN DI PEREDARAN', 0, '0', 0, 97560000, '', 7),
	('4124.BIA.001.052.A.524114.RM', '10000261', '4124.BIA.001.052.A.524114', '1000072', 10000261, '- Transport peserta [30 OR x 1 HR x 4 KL]', 120, ' OK', 150000, 18000000, '', 7),
	('4124.BIA.001.052.A.524114.RM', '10000262', '4124.BIA.001.052.A.524114', '1000072', 10000262, '- Uang harian fullday [30 OR x 1 HR x 4 KL]', 120, ' OH', 130000, 15600000, '', 7),
	('4124.BIA.001.052.A.524114.RM', '10000263', '4124.BIA.001.052.A.524114', '1000072', 10000263, '- Paket pertemuan fullday [30 OR x 1 HR x 4 KL]', 120, '120', 529300, 63516000, '', 7),
	('4124.BIA.001.053.A.521113.RM', '10000264', '4124.BIA.001.053.A.521113', '1000073', 10000264, '- PDTT [66 OR x 25 HR x 6 BLN]', 9900, ' OH', 19000, 188100000, '', 7),
	('4124.BIA.001.053.A.521131.PNP', '10000265', '4124.BIA.001.053.A.521131', '1000074', 10000265, '- Biaya karantina/isolasi mandiri', 12, ' PT', 3900750, 46809000, '', 7),
	('4124.BIA.001.053.A.521131.RM', '10000266', '4124.BIA.001.053.A.521131', '1000075', 10000266, '- Biaya langganan internet', 12, 'BLN', 500000, 6000000, '', 7),
	('4124.BIA.001.053.A.521131.RM', '10000267', '4124.BIA.001.053.A.521131', '1000075', 10000267, '- Pembelian APD dan hand sanitizer', 10, ' PT', 9973500, 99735000, '', 7),
	('4124.BIA.001.053.A.521241.PNP', '10000268', '4124.BIA.001.053.A.521241', '1000076', 10000268, '- Uji SWAB/ Rapid Test dan Sejenisnya [56 OR x 1 KL]', 56, ' OK', 190000, 10640000, '', 7),
	('4124.BIA.001.053.A.521241.PNP', '10000269', '4124.BIA.001.053.A.521241', '1000076', 10000269, '- Biaya komunikasi/paket data internet', 10, 'BLN', 4898000, 48980000, '', 7),
	('4124.BIA.001.053.A.521241.RM', '10000270', '4124.BIA.001.053.A.521241', '1000077', 10000270, '- Uji SWAB/ Rapid Test dan Sejenisnya [58 OR x 1 KL]', 58, ' OK', 1000000, 58000000, '', 7),
	('4124.BIA.001.053.A.521241.RM', '10000271', '4124.BIA.001.053.A.521241', '1000077', 10000271, '- Biaya komunikasi/paket data internet', 6, 'BLN', 1500000, 9000000, '', 7),
	('4124.BIA.001.053.A.522192.PNP', '10000272', '4124.BIA.001.053.A.522192', '1000078', 10000272, '- Rapid Test dan Sejenisnya [37 OR x 1 KL]', 37, ' OK', 1000000, 37000000, '', 7),
	('4124.BIA.001.053.B.521131.PNP', '10000273', '4124.BIA.001.053.B.521131', '1000079', 10000273, '- Pembelian APD', 1, ' PT', 4200000, 4200000, '', 7),
	('4124.BIA.001.053.B.521211.PNP', '10000274', '4124.BIA.001.053.B.521211', '1000080', 10000274, '- Konsumsi (Makan) Penyiapan Pelaksana [80 OR x 1 HR x 1 KL]', 80, ' OH', 48000, 3840000, '', 7),
	('4124.BIA.001.053.B.521211.PNP', '10000275', '4124.BIA.001.053.B.521211', '1000080', 10000275, '- Konsumsi (Snack) Penyiapan Pelaksana [80 OR x 1 HR x 1 KL]', 80, ' OH', 22000, 1760000, '', 7),
	('4124.BIA.001.053.B.521211.PNP', '10000276', '4124.BIA.001.053.B.521211', '1000080', 10000276, '- Penggandaan dan Pejilidan Materi', 2, 'PKT', 900000, 1800000, '', 7),
	('4124.BIA.001.053.B.521211.PNP', '10000277', '4124.BIA.001.053.B.521211', '1000080', 10000277, '- Spanduk dan backdrop', 1, 'PKT', 1368000, 1368000, '', 7),
	('4124.BIA.001.053.B.521211.PNP', '10000278', '4124.BIA.001.053.B.521211', '1000080', 10000278, '- Pembelian sampel', 10, 'PKT', 300000, 3000000, '', 7),
	('4124.BIA.001.053.B.521213.PNP', '10000279', '4124.BIA.001.053.B.521213', '1000081', 10000279, '> Honor Panitia Penyelenggara Rapat Koordinasi Pusat dan Balai dalam rangka Manajemen Sampling Tahun 2022', 0, '0', 0, 1450000, '', 7),
	('4124.BIA.001.053.B.521213.PNP', '10000280', '4124.BIA.001.053.B.521213', '1000081', 10000280, '- Penanggung Jawab [1 OR x 1 KL]', 1, ' OK', 450000, 450000, '', 7),
	('4124.BIA.001.053.B.521213.PNP', '10000281', '4124.BIA.001.053.B.521213', '1000081', 10000281, '- Ketua [1 OR x 1 KL]', 1, ' OK', 400000, 400000, '', 7),
	('4124.BIA.001.053.B.521213.PNP', '10000282', '4124.BIA.001.053.B.521213', '1000081', 10000282, '- Sekretaris [1 OR x 1 KL]', 1, ' OK', 300000, 300000, '', 7),
	('4124.BIA.001.053.B.521213.PNP', '10000283', '4124.BIA.001.053.B.521213', '1000081', 10000283, '- Anggota [1 OR x 1 KL]', 1, ' OK', 300000, 300000, '', 7),
	('4124.BIA.001.053.B.521219.PNP', '10000284', '4124.BIA.001.053.B.521219', '1000082', 10000284, '- Biaya pengujian sampel ', 1, 'PKT', 7630000, 7630000, '', 7),
	('4124.BIA.001.053.B.521241.PNP', '10000285', '4124.BIA.001.053.B.521241', '1000083', 10000285, '-Uji SWAb/Rapid Antigen/Rapid Test (25 or x 5 KL)', 125, ' OK', 190000, 23750000, '', 7),
	('4124.BIA.001.053.B.521241.PNP', '10000286', '4124.BIA.001.053.B.521241', '1000083', 10000286, '- Uji PCR (5 OR X 2KL)', 10, ' OK', 500000, 5000000, '', 7),
	('4124.BIA.001.053.B.521811.PNP', '10000287', '4124.BIA.001.053.B.521811', '1000084', 10000287, '- Pengadaan reagen pengujian', 1, 'PKT', 40322000, 40322000, '', 7),
	('4124.BIA.001.053.B.521811.PNP', '10000288', '4124.BIA.001.053.B.521811', '1000084', 10000288, 'Pengadaan keperluan komputer', 8, 'PKT', 1000000, 8000000, '', 7),
	('4124.BIA.001.053.B.522141.PNP', '10000289', '4124.BIA.001.053.B.522141', '1000085', 10000289, '- Booth pertemuan', 1, 'PKT', 9488000, 9488000, '', 7),
	('4124.BIA.001.053.B.522151.RM', '10000290', '4124.BIA.001.053.B.522151', '1000086', 10000290, '- Honor Narasumber [3 OR x 4 JAM x 1 KL]', 12, ' OJ', 700000, 8400000, '', 7),
	('4124.BIA.001.053.B.522151.RM', '10000291', '4124.BIA.001.053.B.522151', '1000086', 10000291, '- Honor Moderator [2 OR x 3 JAM x 1 KL]', 6, ' OJ', 700000, 4200000, '', 7),
	('4124.BIA.001.053.B.522191.PNP', '10000292', '4124.BIA.001.053.B.522191', '1000087', 10000292, 'Biaya jasa pemindahan server dan maintenance', 1, 'PKT', 6650000, 6650000, '', 7),
	('4124.BIA.001.053.B.522191.PNP', '10000293', '4124.BIA.001.053.B.522191', '1000087', 10000293, 'Biaya jasa penyelenggaraan pertemuan', 2, 'PKT', 14775000, 29550000, '', 7),
	('4124.BIA.001.053.B.524114.PNP', '10000294', '4124.BIA.001.053.B.524114', '1000088', 10000294, '- Paket Pertemuan Fullday [30 or x 1 hr x 2 kl]', 60, ' OK', 550000, 33000000, '', 7),
	('4124.BIA.001.053.B.524114.PNP', '10000295', '4124.BIA.001.053.B.524114', '1000088', 10000295, '- Transport Peserta [30 or x 1 tr x 2 kl]', 60, ' OT', 150000, 9000000, '', 7),
	('4124.BIA.001.053.B.524114.PNP', '10000296', '4124.BIA.001.053.B.524114', '1000088', 10000296, '- Uang Harian Fullday Peserta [30 or x 1 hr x 2 kl] ', 60, ' OH', 130000, 7800000, '', 7),
	('4124.BIA.001.053.B.524119.PNP', '10000297', '4124.BIA.001.053.B.524119', '1000089', 10000297, '> Rapat Koordinasi Pusat dan Balai dalam rangka Manajemen Sampling Tahun 2022', 0, '0', 0, 0, '', 7),
	('4124.BIA.001.053.B.524119.PNP', '10000298', '4124.BIA.001.053.B.524119', '1000089', 10000298, 'Transport Peserta [36 OR x 1 HR x 1 KL]', 36, '36', 700000, 25200000, '', 7),
	('4124.BIA.001.053.B.524119.PNP', '10000299', '4124.BIA.001.053.B.524119', '1000089', 10000299, 'Transport bandung balai dan Batan (3 OR x 1 HR x 1 KL)', 3, '3', 150000, 450000, '', 7),
	('4124.BIA.001.053.B.524119.PNP', '10000300', '4124.BIA.001.053.B.524119', '1000089', 10000300, 'Transport peserta bengkulu (1 OR x 1 HR x 1 KL)', 1, '1', 3000000, 3000000, '', 7),
	('4124.BIA.001.053.B.524119.PNP', '10000301', '4124.BIA.001.053.B.524119', '1000089', 10000301, 'transport peserta balai tangerang, serang, bogor, tasik (4 OR x 1 HR x 1 KL)', 4, '4', 1000000, 4000000, '', 7),
	('4124.BIA.001.053.B.524119.PNP', '10000302', '4124.BIA.001.053.B.524119', '1000089', 10000302, 'Uang Harian H-1 Peserta [41 OR x 1 HR x 1 KL]', 41, '41', 430000, 17630000, '', 7),
	('4124.BIA.001.053.B.524119.PNP', '10000303', '4124.BIA.001.053.B.524119', '1000089', 10000303, 'Biaya Penginapan H-1 kepala badan dan ajudan (3 OR x 1 HR x 1 KL)', 3, '3', 3587000, 10761000, '', 7),
	('4124.BIA.001.053.B.524119.PNP', '10000304', '4124.BIA.001.053.B.524119', '1000089', 10000304, 'Biayan Penginapan H-1 Peserta [38 OR x 1 HR x 1 KL]', 38, '38', 570000, 21660000, '', 7),
	('4124.BIA.001.053.B.524119.PNP', '10000305', '4124.BIA.001.053.B.524119', '1000089', 10000305, 'Uang Harian Fullboard Peserta [44 OR x 3HR]', 132, '132', 150000, 19800000, '', 7),
	('4124.BIA.001.053.B.524119.PNP', '10000306', '4124.BIA.001.053.B.524119', '1000089', 10000306, 'Paket Pertemuan Fullboard [44 OR x 2 HR x 1 KL]', 88, '88', 1110000, 97680000, '', 7),
	('4124.BIA.001.053.B.524119.PNP', '10000307', '4124.BIA.001.053.B.524119', '1000089', 10000307, 'Biaya Representasi Pejabat Negara (1 OR x 3 HR x 1 KL)', 3, '3', 250000, 750000, '', 7),
	('4124.BIA.001.053.B.524119.PNP', '10000308', '4124.BIA.001.053.B.524119', '1000089', 10000308, 'Biaya Representasi Eselon I (2 OR x 3 HR x 1 KL)', 6, '6', 200000, 1200000, '', 7),
	('4124.BIA.001.053.B.524119.PNP', '10000309', '4124.BIA.001.053.B.524119', '1000089', 10000309, 'Biaya Representasi Eselon II (5 OR x 3 HR x 1 KL)', 15, '15', 150000, 2250000, '', 7),
	('4124.BIA.001.054.A.521211.PNP', '10000310', '4124.BIA.001.054.A.521211', '1000090', 10000310, '- Pengadaan ATK', 1, ' PT', 1600000, 1600000, '', 7),
	('4124.BIA.001.054.A.521211.RM', '10000311', '4124.BIA.001.054.A.521211', '1000091', 10000311, '- pengadaan ATK', 1, ' PT', 400000, 400000, '', 7),
	('4124.BIA.001.054.A.521211.RM', '10000312', '4124.BIA.001.054.A.521211', '1000091', 10000312, '> Reformasi Birokrasi', 0, '0', 0, 0, '', 7),
	('4124.BIA.001.054.A.521211.RM', '10000313', '4124.BIA.001.054.A.521211', '1000091', 10000313, '- Konsumsi (Snack) Rapat Reformasi Birokrasi [25 OR x 1 HR x 2 KL]', 50, ' OH', 22000, 1100000, '', 7),
	('4124.BIA.001.054.A.521211.RM', '10000314', '4124.BIA.001.054.A.521211', '1000091', 10000314, '- Konsumsi (Makan) Rapat Reformasi Birokrasi [25 OR x 1 HR x 2 KL]', 50, ' OH', 48000, 2400000, '', 7),
	('4124.BIA.001.054.A.521211.RM', '10000315', '4124.BIA.001.054.A.521211', '1000091', 10000315, '> Pelaksanaan Kegiatan AOC (Thematic Day)', 0, '0', 0, 0, '', 7),
	('4124.BIA.001.054.A.521211.RM', '10000316', '4124.BIA.001.054.A.521211', '1000091', 10000316, '- Konsumsi (Snack) Sosialisasi AOC [35 OR x 1 HR x 12 KL]', 420, ' OK', 22000, 9240000, '', 7),
	('4124.BIA.001.054.A.521211.RM', '10000317', '4124.BIA.001.054.A.521211', '1000091', 10000317, '- Konsumsi (Makan) Rapat Audit Internal [30 OR x 1 HR x 2 KL]', 60, ' OK', 48000, 2880000, '', 7),
	('4124.BIA.001.054.A.521211.RM', '10000318', '4124.BIA.001.054.A.521211', '1000091', 10000318, '- Konsumsi (Snack) Rapat Audit Internal [30 OR x 1 HR x 2 KL]', 60, ' OK', 22000, 1320000, '', 7),
	('4124.BIA.001.054.A.521211.RM', '10000319', '4124.BIA.001.054.A.521211', '1000091', 10000319, '- Konsumsi (Makan) Rapat Audit Eksternal [30 OR x 1 HR x 2 KL]', 60, ' OK', 48000, 2880000, '', 7),
	('4124.BIA.001.054.A.521211.RM', '10000320', '4124.BIA.001.054.A.521211', '1000091', 10000320, '- Konsumsi (Snack) Rapat Audit Eksterna [30 OR x 1 HR x 2 KL]', 60, ' OK', 22000, 1320000, '', 7),
	('4124.BIA.001.054.A.521211.RM', '10000321', '4124.BIA.001.054.A.521211', '1000091', 10000321, '- Konsumsi (Makan) Rapat Updating dokumen [20 OR x 1 HR x 4 KL]', 80, ' OK', 48000, 3840000, '', 7),
	('4124.BIA.001.054.A.521211.RM', '10000322', '4124.BIA.001.054.A.521211', '1000091', 10000322, '- Konsumsi (Snack) Rapat Updating dokumen [20 OR x 1 HR x 4 KL]', 80, ' OK', 22000, 1760000, '', 7),
	('4124.BIA.001.054.A.521211.RM', '10000323', '4124.BIA.001.054.A.521211', '1000091', 10000323, '- Konsumsi (Makan) Rapat Tinjauan Manajemen [20 OR x 1 HR x 2 KL]', 40, ' OK', 48000, 1920000, '', 7),
	('4124.BIA.001.054.A.521211.RM', '10000324', '4124.BIA.001.054.A.521211', '1000091', 10000324, '- Konsumsi (Snack) Rapat Tinjauan Manajemen [20 OR x 1 HR x 2 KL]', 40, ' OK', 22000, 880000, '', 7),
	('4124.BIA.001.054.A.521211.RM', '10000325', '4124.BIA.001.054.A.521211', '1000091', 10000325, '- KIT Pertemuan', 100, 'PKT', 100000, 10000000, '', 7),
	('4124.BIA.001.054.A.522151.RM', '10000326', '4124.BIA.001.054.A.522151', '1000092', 10000326, '- Honor Narasumber [2 OR x 3 JAM x 2 KL]', 12, ' OJ', 1000000, 12000000, '', 7),
	('4124.BIA.001.054.A.524114.PNP', '10000327', '4124.BIA.001.054.A.524114', '1000093', 10000327, '- Transport [50 OR x 1 HR x 1 KL]', 50, ' OK', 150000, 7500000, '', 7),
	('4124.BIA.001.054.A.524114.PNP', '10000328', '4124.BIA.001.054.A.524114', '1000093', 10000328, '- Uang Harian Fullday [50 OR x 1 HR x 1 KL]', 50, ' OH', 130000, 6500000, '', 7),
	('4124.BIA.001.054.A.524114.PNP', '10000329', '4124.BIA.001.054.A.524114', '1000093', 10000329, '- Paket Fullday [50 OR x 1 HR]', 50, ' OP', 450000, 22500000, '', 7),
	('4124.BIA.001.054.B.521211.PNP', '10000330', '4124.BIA.001.054.B.521211', '1000094', 10000330, '- perlengkapan peserta', 65, 'PKT', 300000, 19500000, '', 7),
	('4124.BIA.001.054.B.521211.PNP', '10000331', '4124.BIA.001.054.B.521211', '1000094', 10000331, '- pengadaan ATK  dan Keperluan Komputer [1 PT x 1 KL]', 1, ' PT', 835000, 835000, '', 7),
	('4124.BIA.001.054.B.521211.PNP', '10000332', '4124.BIA.001.054.B.521211', '1000094', 10000332, '- konsumsi (makan) rapat [20 OR x 1 HR x 2 KL]', 40, ' OK', 48000, 1920000, '', 7),
	('4124.BIA.001.054.B.521211.PNP', '10000333', '4124.BIA.001.054.B.521211', '1000094', 10000333, '- konsumsi (Snack) rapat [20 OR x 1 HR x 2 KL]', 40, ' OK', 22000, 880000, '', 7),
	('4124.BIA.001.054.B.521211.PNP', '10000334', '4124.BIA.001.054.B.521211', '1000094', 10000334, '> Dalam rangka rapat koordinaso kedeputian 3', 0, '0', 0, 19800000, '', 7),
	('4124.BIA.001.054.B.521211.PNP', '10000335', '4124.BIA.001.054.B.521211', '1000094', 10000335, '- konsumsi (Snack) rapat [25 OR x 3 HR x 12 KL]', 900, ' OK', 22000, 19800000, '', 7),
	('4124.BIA.001.054.B.521213.PNP', '10000336', '4124.BIA.001.054.B.521213', '1000095', 10000336, '> Honor panitia', 0, '0', 0, 2000000, '', 7),
	('4124.BIA.001.054.B.521213.PNP', '10000337', '4124.BIA.001.054.B.521213', '1000095', 10000337, '- Ketua [1 OR x 1 KEG]', 1, ' OK', 400000, 400000, '', 7),
	('4124.BIA.001.054.B.521213.PNP', '10000338', '4124.BIA.001.054.B.521213', '1000095', 10000338, '- Wakil Ketua [1 OR x 1 KEG]', 1, ' OK', 400000, 400000, '', 7),
	('4124.BIA.001.054.B.521213.PNP', '10000339', '4124.BIA.001.054.B.521213', '1000095', 10000339, '- Anggota [4 OR x 1 KEG]', 4, ' OK', 300000, 1200000, '', 7),
	('4124.BIA.001.054.B.522191.PNP', '10000340', '4124.BIA.001.054.B.522191', '1000096', 10000340, '- Paket peningkatan motivasi dan kerjasama tim [65 PKT x 1 KL]', 65, 'PKT', 600000, 39000000, '', 7),
	('4124.BIA.001.054.B.524119.PNP', '10000341', '4124.BIA.001.054.B.524119', '1000097', 10000341, '> Perjalanan Luar Kota', 0, '0', 0, 7420000, '', 7),
	('4124.BIA.001.054.B.524119.PNP', '10000342', '4124.BIA.001.054.B.524119', '1000097', 10000342, '- Transport [1 OR x 1 HR x 1 KL]', 1, ' OT', 2712000, 2712000, '', 7),
	('4124.BIA.001.054.B.524119.PNP', '10000343', '4124.BIA.001.054.B.524119', '1000097', 10000343, '- Uang harian fullboard [1 OR x 3 HR x 1 KL]', 3, ' OH', 160000, 480000, '', 7),
	('4124.BIA.001.054.B.524119.PNP', '10000344', '4124.BIA.001.054.B.524119', '1000097', 10000344, '- paket fullboard [1 OR x 2 HR x 1 KL] ', 2, ' OH', 1419000, 2838000, '', 7),
	('4124.BIA.001.054.B.524119.PNP', '10000345', '4124.BIA.001.054.B.524119', '1000097', 10000345, '- Uang harian [1 OR x 1 HR x 1 KL] ', 1, ' OH', 480000, 480000, '', 7),
	('4124.BIA.001.054.B.524119.PNP', '10000346', '4124.BIA.001.054.B.524119', '1000097', 10000346, '- Biaya penginapan [1 OR x 1 HR x 1 KL]', 1, ' OH', 910000, 910000, '', 7),
	('4124.BIA.001.054.C.521219.PNP', '10000347', '4124.BIA.001.054.C.521219', '1000098', 10000347, '- Biaya Training [10 OR x 1 KL]', 10, ' OK', 4100000, 41000000, '', 7),
	('4124.BIA.001.054.C.521219.PNP', '10000348', '4124.BIA.001.054.C.521219', '1000098', 10000348, '- Biaya training [4 OR x 1 KL]', 4, ' OK', 5500000, 22000000, '', 7),
	('4124.BIA.001.054.C.522151.PNP', '10000349', '4124.BIA.001.054.C.522151', '1000099', 10000349, '- Honor Narasumber Kuliah Umum [1 OR x 3 JAM x 3 KL]', 9, ' OJ', 1000000, 9000000, '', 7),
	('4124.BIA.001.054.C.522191.PNP', '10000350', '4124.BIA.001.054.C.522191', '1000100', 10000350, '- pelatihan effective public relation writing', 1, ' PT', 50000000, 50000000, '', 7),
	('4124.BIA.001.054.C.522191.RM', '10000351', '4124.BIA.001.054.C.522191', '1000101', 10000351, '- Pelatihan pelayana prima', 1, ' PT', 20000000, 20000000, '', 7),
	('4124.BIA.001.054.C.524111.PNP', '10000352', '4124.BIA.001.054.C.524111', '1000102', 10000352, '- Uang harian diklat [2 OR x 3 HR x 5 KL]', 30, ' OH', 130000, 3900000, '', 7),
	('4124.BIA.001.054.C.524111.PNP', '10000353', '4124.BIA.001.054.C.524111', '1000102', 10000353, '- Transport [2 OR x 3 HR x 5 KL]', 30, ' OH', 400000, 12000000, '', 7),
	('4124.BIA.001.054.C.524114.PNP', '10000354', '4124.BIA.001.054.C.524114', '1000103', 10000354, '> PERJALANAN DINAS WORKSHOP', 0, '0', 0, 57480000, '', 7),
	('4124.BIA.001.054.C.524114.PNP', '10000355', '4124.BIA.001.054.C.524114', '1000103', 10000355, '>> WORKSHOP', 0, '0', 0, 5040000, '', 7),
	('4124.BIA.001.054.C.524114.PNP', '10000356', '4124.BIA.001.054.C.524114', '1000103', 10000356, '- Uang Harian diklat [6 OR x 3 HR x 1 KL]', 18, ' OH', 130000, 2340000, '', 7),
	('4124.BIA.001.054.C.524114.PNP', '10000357', '4124.BIA.001.054.C.524114', '1000103', 10000357, '- Uang Transport [6 OR x 3 TR x 1 KL]', 18, ' OK', 150000, 2700000, '', 7),
	('4124.BIA.001.054.C.524114.PNP', '10000358', '4124.BIA.001.054.C.524114', '1000103', 10000358, '>> pelatihan effective public relation writing', 0, '0', 0, 49640000, '', 7),
	('4124.BIA.001.054.C.524114.PNP', '10000359', '4124.BIA.001.054.C.524114', '1000103', 10000359, '- Uang Harian diklat [68 OR x 1 HR x 1 KL]', 68, ' OH', 130000, 8840000, '', 7),
	('4124.BIA.001.054.C.524114.PNP', '10000360', '4124.BIA.001.054.C.524114', '1000103', 10000360, '- Uang Transport [68 OR x 1 HR x 1 KL]', 68, ' OK', 150000, 10200000, '', 7),
	('4124.BIA.001.054.C.524114.PNP', '10000361', '4124.BIA.001.054.C.524114', '1000103', 10000361, '- Paket Pertemuan Fullday [68 OR x 1 HR x 1 KL]', 68, ' OP', 450000, 30600000, '', 7),
	('4124.BIA.001.054.C.524114.PNP', '10000362', '4124.BIA.001.054.C.524114', '1000103', 10000362, '>> WORKSHOP HACCP', 0, '0', 0, 2800000, '', 7),
	('4124.BIA.001.054.C.524114.PNP', '10000363', '4124.BIA.001.054.C.524114', '1000103', 10000363, '- Uang Harian diklat [5 OR x 2 HR x 1 KL]', 10, ' OH', 130000, 1300000, '', 7),
	('4124.BIA.001.054.C.524114.PNP', '10000364', '4124.BIA.001.054.C.524114', '1000103', 10000364, '- Uang Transport [5 OR x 2 HR x 1 KL]', 10, ' OK', 150000, 1500000, '', 7),
	('4124.BIA.001.054.D.521114.RM', '10000365', '4124.BIA.001.054.D.521114', '1000104', 10000365, '- pengiriman surat dinas dan media informasi', 1, ' PT', 10140000, 10140000, '', 7),
	('4124.BIA.001.054.D.521211.RM', '10000366', '4124.BIA.001.054.D.521211', '1000105', 10000366, '- konsumsi (makan) rapat [20 OR x 1 HR x 12 KL]', 240, ' OK', 48000, 11520000, '', 7),
	('4124.BIA.001.054.D.521211.RM', '10000367', '4124.BIA.001.054.D.521211', '1000105', 10000367, '- konsumsi (Snack) rapat [20 OR x 1 HR x 12 KL]', 240, ' OK', 22000, 5280000, '', 7),
	('4124.BIA.001.054.D.521219.PNP', '10000368', '4124.BIA.001.054.D.521219', '1000106', 10000368, '- Biaya Training', 5, 'PKT', 3526000, 17611000, '', 7),
	('4124.BIA.001.054.D.521219.RM', '10000369', '4124.BIA.001.054.D.521219', '1000107', 10000369, '- Keperluan sehari-hari (snack corner, minum, perlengkapan makan, dan biaya keperluan perkantoran lainnya)', 12, 'BLN', 3485000, 41820000, '', 7),
	('4124.BIA.001.054.D.521219.RM', '10000370', '4124.BIA.001.054.D.521219', '1000107', 10000370, '- Pengadaan majalah [12 BLN x 2 JNS]', 24, 'EKS', 38000, 912000, '', 7),
	('4124.BIA.001.054.D.521219.RM', '10000371', '4124.BIA.001.054.D.521219', '1000107', 10000371, '- Langganan majalah digital deputi [12 BLN x 3 JNS]', 36, 'BLN', 200000, 7200000, '', 7),
	('4124.BIA.001.054.D.521219.RM', '10000372', '4124.BIA.001.054.D.521219', '1000107', 10000372, '- Pengadaan koran [12 BLN x 2 JNS x 5 EKS]', 120, 'BLN', 3500, 420000, '', 7),
	('4124.BIA.001.054.D.521219.RM', '10000373', '4124.BIA.001.054.D.521219', '1000107', 10000373, '- Pengadaan tabloid [12 BLN x 2 JNS]', 24, 'EKS', 12500, 300000, '', 7),
	('4124.BIA.001.054.D.521811.RM', '10000374', '4124.BIA.001.054.D.521811', '1000108', 10000374, '- Pengadaan ATK dan Keperluan Komputer', 12, 'BLN', 1000000, 12000000, '', 7),
	('4124.BIA.001.054.D.522131.PNP', '10000375', '4124.BIA.001.054.D.522131', '1000109', 10000375, '- Jasa Penataan ruang', 1, ' PT', 40320000, 40320000, '', 7),
	('4124.BIA.001.054.D.522141.RM', '10000376', '4124.BIA.001.054.D.522141', '1000110', 10000376, '- Sewa mesin Fotokopi', 12, 'BLN', 1125000, 13500000, '', 7),
	('4124.BIA.001.054.D.522151.RM', '10000377', '4124.BIA.001.054.D.522151', '1000111', 10000377, '- Honor Narasumber K/L lain [1 OR x 1 JAM x 15 KL]', 15, ' OJ', 1000000, 15000000, '', 7),
	('4124.BIA.001.054.D.522191.PNP', '10000378', '4124.BIA.001.054.D.522191', '1000112', 10000378, '- Pemeriksaan kesehatan [66 OR x 1 PKT]', 66, 'PKT', 2121500, 140019000, '', 7),
	('4124.BIA.001.054.D.522191.RM', '10000379', '4124.BIA.001.054.D.522191', '1000113', 10000379, 'Biaya penataan arsip ditwas peredaran pangan olahan', 1, 'PKT', 71438000, 71438000, '', 7),
	('4124.BIA.001.054.D.523121.RM', '10000380', '4124.BIA.001.054.D.523121', '1000114', 10000380, '- Biaya pemeliharaan APD dan fasilitas kantor', 1, 'PKT', 26000000, 26000000, '', 7),
	('4124.BIA.001.054.D.524113.RM', '10000381', '4124.BIA.001.054.D.524113', '1000115', 10000381, '- Transport Lokal [6 OR x 9 KL]', 54, ' OK', 150000, 8100000, '', 7),
	('4124.BIA.001.054.E.521211.RM', '10000382', '4124.BIA.001.054.E.521211', '1000116', 10000382, '- konsumsi (makan) rapat [15 OR x 1 HR x 20 KL]', 300, ' OK', 48000, 14400000, '', 7),
	('4124.BIA.001.054.E.521211.RM', '10000383', '4124.BIA.001.054.E.521211', '1000116', 10000383, '- konsumsi (Snack) rapat [15 OR x 1 HR x 20 KL]', 300, ' OK', 22000, 6600000, '', 7),
	('4124.BIA.001.054.E.521211.RM', '10000384', '4124.BIA.001.054.E.521211', '1000116', 10000384, '- Penggandaan dan penjilidan', 4, 'PKT', 1300000, 5200000, '', 7),
	('4124.BIA.001.054.E.521211.RM', '10000385', '4124.BIA.001.054.E.521211', '1000116', 10000385, '- konsumsi (makan) rapat [20 OR x 1 HR x 4 KL]', 80, ' OK', 48000, 3840000, '', 7),
	('4124.BIA.001.054.E.521211.RM', '10000386', '4124.BIA.001.054.E.521211', '1000116', 10000386, '- konsumsi (Snack) rapat [20 OR x 1 HR x 4 KL]', 80, ' OK', 22000, 1760000, '', 7),
	('4124.BIA.001.054.E.521219.RM', '10000387', '4124.BIA.001.054.E.521219', '1000117', 10000387, '- Keperluan sehari-hari', 12, 'BLN', 500000, 6000000, '', 7),
	('4124.BIA.001.054.E.521811.PNP', '10000388', '4124.BIA.001.054.E.521811', '1000118', 10000388, '- ATK', 1, 'PKT', 2655000, 2655000, '', 7),
	('4124.BIA.001.054.E.521811.RM', '10000389', '4124.BIA.001.054.E.521811', '1000119', 10000389, '- ATK', 6, 'PKT', 5367500, 32205000, '', 7),
	('4124.BIA.001.054.E.522151.RM', '10000390', '4124.BIA.001.054.E.522151', '1000120', 10000390, '- Honor narasumber [1 OR x 2 JAM x 1 KL]', 2, ' OJ', 900000, 1800000, '', 7),
	('4124.BIA.001.054.F.521211.RM', '10000391', '4124.BIA.001.054.F.521211', '1000121', 10000391, '- Konsumsi (Makan) Rapat [20 OR x 1 HR x 9 KL]', 180, ' OK', 48000, 8640000, '', 7),
	('4124.BIA.001.054.F.521211.RM', '10000392', '4124.BIA.001.054.F.521211', '1000121', 10000392, '- Konsumsi (Snack) Rapat [20 OR x 1 HR x 9 KL]', 180, ' OK', 22000, 3960000, '', 7),
	('4124.BIA.001.054.F.521811.PNP', '10000393', '4124.BIA.001.054.F.521811', '1000122', 10000393, '- ATK dan Keperluan Komputer', 12, 'BLN', 3180000, 38160000, '', 7),
	('4124.BIA.001.054.F.522151.PNP', '10000394', '4124.BIA.001.054.F.522151', '1000123', 10000394, '- Honor Moderator [1 OR x 2 KL]', 2, ' OK', 700000, 1400000, '', 7),
	('4124.BIA.001.054.F.524114.RM', '10000395', '4124.BIA.001.054.F.524114', '1000124', 10000395, '- Uang Harian [54 OR x 1 HR x 2 KL]', 108, ' OH', 130000, 14040000, '', 7),
	('4124.BIA.001.054.F.524114.RM', '10000396', '4124.BIA.001.054.F.524114', '1000124', 10000396, '- Transport [54 OR x 1 HR x 2 KL]', 108, ' OH', 150000, 16200000, '', 7),
	('4124.BIA.001.054.F.524114.RM', '10000397', '4124.BIA.001.054.F.524114', '1000124', 10000397, '- Paket Pertemuan [54 OR x 1 HR x 2 KL]', 108, ' OH', 430000, 44820000, '', 7),
	('4124.BIC.002.051.A.521211.RM', '10000398', '4124.BIC.002.051.A.521211', '1000125', 10000398, '- Konsumsi (Makan) Pembahasan [25 OR x 1 HR x 8 KL]', 200, ' OK', 48000, 9600000, '', 7),
	('4124.BIC.002.051.A.521211.RM', '10000399', '4124.BIC.002.051.A.521211', '1000125', 10000399, '- Konsumsi (Snack) Pembahasan [23 OR x 1 HR x 10 KL]', 230, ' OK', 22000, 5060000, '', 7),
	('4124.BIC.002.051.A.521211.RM', '10000400', '4124.BIC.002.051.A.521211', '1000125', 10000400, '- Pencetakan', 1, 'PKT', 15000000, 15000000, '', 7),
	('4124.BIC.002.051.A.521211.RM', '10000401', '4124.BIC.002.051.A.521211', '1000125', 10000401, '- Pengadaan ATK', 1, 'PKT', 3160000, 1670000, '', 7),
	('4124.BIC.002.051.A.521213.RM', '10000402', '4124.BIC.002.051.A.521213', '1000126', 10000402, '> HONOR TIM PELAKSANA KEGIATAN', 0, '0', 0, 3200000, '', 7),
	('4124.BIC.002.051.A.521213.RM', '10000403', '4124.BIC.002.051.A.521213', '1000126', 10000403, '- Pengarah [1 OR x 1 KL]', 1, ' OK', 500000, 500000, '', 7),
	('4124.BIC.002.051.A.521213.RM', '10000404', '4124.BIC.002.051.A.521213', '1000126', 10000404, '- Penanggung Jawab [1 OR x 1 KL]', 1, ' OK', 450000, 450000, '', 7),
	('4124.BIC.002.051.A.521213.RM', '10000405', '4124.BIC.002.051.A.521213', '1000126', 10000405, '- Ketua [1 OR x 1 KL]', 1, ' OK', 400000, 400000, '', 7),
	('4124.BIC.002.051.A.521213.RM', '10000406', '4124.BIC.002.051.A.521213', '1000126', 10000406, '- Wakil Ketua [1 OR x 1 KL]', 1, ' OK', 350000, 350000, '', 7),
	('4124.BIC.002.051.A.521213.RM', '10000407', '4124.BIC.002.051.A.521213', '1000126', 10000407, '- Sekretaris [1 OR x 1 KL]', 1, ' OK', 300000, 300000, '', 7),
	('4124.BIC.002.051.A.521213.RM', '10000408', '4124.BIC.002.051.A.521213', '1000126', 10000408, '- Anggota [4 OR x 1 KL]', 4, ' OK', 300000, 1200000, '', 7),
	('4124.BIC.002.051.A.521213.RM', '10000409', '4124.BIC.002.051.A.521213', '1000126', 10000409, '> Honor Tim Respon Cepat', 0, '0', 0, 28050000, '', 7),
	('4124.BIC.002.051.A.521213.RM', '10000410', '4124.BIC.002.051.A.521213', '1000126', 10000410, '- Pembina [1 OR x 1 BLN]', 1, ' OB', 750000, 750000, '', 7),
	('4124.BIC.002.051.A.521213.RM', '10000411', '4124.BIC.002.051.A.521213', '1000126', 10000411, '- Ketua [2 OR x 1 BLN]', 2, ' OB', 650000, 1300000, '', 7),
	('4124.BIC.002.051.A.521213.RM', '10000412', '4124.BIC.002.051.A.521213', '1000126', 10000412, ' - Wakil Ketua [2 OR x 1 BLN]', 2, ' OB', 500000, 1000000, '', 7),
	('4124.BIC.002.051.A.521213.RM', '10000413', '4124.BIC.002.051.A.521213', '1000126', 10000413, '- Anggota [50 OR x 1 BLN]', 50, ' OB', 500000, 25000000, '', 7),
	('4124.BIC.002.051.A.521241.RM', '10000414', '4124.BIC.002.051.A.521241', '1000127', 10000414, '- Uji Swab/Rapid Antigen/Rapid Test dan Sejenisnya [18 OR x 2 KL]', 80, ' OK', 250000, 20000000, '', 7),
	('4124.BIC.002.051.A.522141.RM', '10000415', '4124.BIC.002.051.A.522141', '1000128', 10000415, '- Perlengkapan pertemuan', 2, 'PKT', 6000000, 12000000, '', 7),
	('4124.BIC.002.051.A.522151.RM', '10000416', '4124.BIC.002.051.A.522151', '1000129', 10000416, '> Pembahasan Penerapan SMKP Bersama Pakar', 0, '0', 0, 0, '', 7),
	('4124.BIC.002.051.A.522151.RM', '10000417', '4124.BIC.002.051.A.522151', '1000129', 10000417, '- Honor Pakar [2 OR x 1 JAM x 7 KL]', 14, ' OJ', 1600000, 25600000, '', 7),
	('4124.BIC.002.051.A.522151.RM', '10000418', '4124.BIC.002.051.A.522151', '1000129', 10000418, '> Evaluasi Penerapan SMKP Distribusi', 0, '0', 0, 0, '', 7),
	('4124.BIC.002.051.A.522151.RM', '10000419', '4124.BIC.002.051.A.522151', '1000129', 10000419, '- Honor Pakar [1 OR x 1 JAM x 1 KL]', 2, ' OJ', 1700000, 3400000, '', 7),
	('4124.BIC.002.051.A.522191.RM', '10000420', '4124.BIC.002.051.A.522191', '1000130', 10000420, '- Penyelenggaraan Kick Off SMKPO', 1, 'PKT', 85000000, 95000000, '', 7),
	('4124.BIC.002.051.A.522191.RM', '10000421', '4124.BIC.002.051.A.522191', '1000130', 10000421, '- Biaya jasa penyelenggaraan teleconference', 1, 'PKT', 20000000, 20000000, '', 7),
	('4124.BIC.002.051.A.524111.RM', '10000422', '4124.BIC.002.051.A.524111', '1000131', 10000422, '> Verifikasi Sarana Distribusi Luar Kota', 0, '0', 0, 0, '', 7),
	('4124.BIC.002.051.A.524111.RM', '10000423', '4124.BIC.002.051.A.524111', '1000131', 10000423, '- Transport Petugas Pusat [3 OR x 5 KL]', 8, ' OK', 500000, 4000000, '', 7),
	('4124.BIC.002.051.A.524111.RM', '10000424', '4124.BIC.002.051.A.524111', '1000131', 10000424, '- Uang Harian Petugas Pusat [3 OR x 1 HR x 5 KL]', 8, ' OH', 370000, 2960000, '', 7),
	('4124.BIC.002.051.A.524113.RM', '10000425', '4124.BIC.002.051.A.524113', '1000132', 10000425, '- Transport Lokal [2 OR x 1 HR x 5 KL]', 10, ' OK', 150000, 1500000, '', 7),
	('4124.BIC.002.051.A.524113.RM', '10000426', '4124.BIC.002.051.A.524113', '1000132', 10000426, '- Uang Harian [2 OR x 1 HR x 5 KL]', 10, ' OK', 210000, 2100000, '', 7),
	('4124.BIC.002.051.A.524114.RM', '10000427', '4124.BIC.002.051.A.524114', '1000133', 10000427, '- Paket Pertemuan Fullday [40 OR x 1 HR x 3 KL]', 80, ' OH', 405000, 32400000, '', 7),
	('4124.BIC.002.051.A.524114.RM', '10000428', '4124.BIC.002.051.A.524114', '1000133', 10000428, '- Transport peserta [40 OR x 1 HR x 3 L]', 80, ' OK', 150000, 12000000, '', 7),
	('4124.BIC.002.051.A.524114.RM', '10000429', '4124.BIC.002.051.A.524114', '1000133', 10000429, '- Uang harian fullday [40 OR x 1 HR x 3 KL]', 80, ' OH', 130000, 10400000, '', 7),
	('4124.BIC.002.051.A.524119.RM', '10000430', '4124.BIC.002.051.A.524119', '1000134', 10000430, '-Transport [40 OR x 1 HR x 1 KL]', 40, ' OH', 550000, 22000000, '', 7),
	('4124.BIC.002.051.A.524119.RM', '10000431', '4124.BIC.002.051.A.524119', '1000134', 10000431, '- Penginapan [2 OR x 1 HR x 1 KL]', 2, ' OH', 1500000, 3000000, '', 7),
	('4124.BIC.002.051.A.524119.RM', '10000432', '4124.BIC.002.051.A.524119', '1000134', 10000432, ' - Uang Harian [40 OR x 1 HR x 1 KL]', 40, ' OH', 105000, 4200000, '', 7),
	('4124.BIC.002.051.A.524119.RM', '10000433', '4124.BIC.002.051.A.524119', '1000134', 10000433, '- Paket Meeting [40 OR x 1 HR x 1KL]', 40, ' OH', 550000, 22000000, '', 7),
	('4124.BIC.002.051.B.521131.RM', '10000434', '4124.BIC.002.051.B.521131', '1000135', 10000434, '- APD untuk auditor', 1, 'PKT', 7500000, 7500000, '', 7),
	('4124.BIC.002.051.B.521211.RM', '10000435', '4124.BIC.002.051.B.521211', '1000136', 10000435, '- Pengadaan ATK', 1, 'PKT', 1800000, 1800000, '', 7),
	('4124.BIC.002.051.B.521211.RM', '10000436', '4124.BIC.002.051.B.521211', '1000136', 10000436, '- Konsumsi (Makan) Pembahasan [25 OR x 1 HR x 7 KL]', 175, ' OK', 48000, 8400000, '', 7),
	('4124.BIC.002.051.B.521211.RM', '10000437', '4124.BIC.002.051.B.521211', '1000136', 10000437, '- Konsumsi (Snack) Pembahasan [25 OR x 1 HR x 7 KL]', 175, ' OK', 22000, 3850000, '', 7),
	('4124.BIC.002.051.B.521211.RM', '10000438', '4124.BIC.002.051.B.521211', '1000136', 10000438, '- Spanduk', 3, 'PKT', 500000, 1500000, '', 7),
	('4124.BIC.002.051.B.521211.RM', '10000439', '4124.BIC.002.051.B.521211', '1000136', 10000439, '- Pembelian Sampel', 5, 'PKT', 1000000, 5000000, '', 7),
	('4124.BIC.002.051.B.521213.RM', '10000440', '4124.BIC.002.051.B.521213', '1000137', 10000440, '- Ketua [1 OR x 3 KEG]', 2, ' OK', 400000, 800000, '', 7),
	('4124.BIC.002.051.B.521213.RM', '10000441', '4124.BIC.002.051.B.521213', '1000137', 10000441, '- Sekretaris [1 OR x 3 KEG]', 2, ' OK', 300000, 600000, '', 7),
	('4124.BIC.002.051.B.521213.RM', '10000442', '4124.BIC.002.051.B.521213', '1000137', 10000442, '- Anggota [3 OR x 3 KEG]', 6, ' OK', 300000, 1800000, '', 7),
	('4124.BIC.002.051.B.522131.RM', '10000443', '4124.BIC.002.051.B.522131', '1000138', 10000443, '- Paket penyusunan pembuatan SOP untuk sarana peredaran yang menerapkan SMKPO', 1, 'PKT', 50000000, 50000000, '', 7),
	('4124.BIC.002.051.B.522151.RM', '10000444', '4124.BIC.002.051.B.522151', '1000139', 10000444, '> Bimtek kepada Pelaku usaha', 0, '0', 0, 0, '', 7),
	('4124.BIC.002.051.B.522151.RM', '10000445', '4124.BIC.002.051.B.522151', '1000139', 10000445, '- Honor Narasumber Es II [1 OR x 2 JAM x 5 KL]', 10, ' OJ', 1000000, 10000000, '', 7),
	('4124.BIC.002.051.B.522151.RM', '10000446', '4124.BIC.002.051.B.522151', '1000139', 10000446, '- Honor Narasumber Es III [1 OR x 2 JAM x 3 KL]', 6, ' OJ', 900000, 7200000, '', 7),
	('4124.BIC.002.051.B.522191.RM', '10000447', '4124.BIC.002.051.B.522191', '1000140', 10000447, '- Pembuatan Video SMKPO', 1, 'PKT', 95000000, 95000000, '', 7),
	('4124.BIC.002.051.B.524111.RM', '10000448', '4124.BIC.002.051.B.524111', '1000141', 10000448, '> Verifikasi Sarana Distribusi Luar Kota', 0, '0', 0, 116600000, '', 7),
	('4124.BIC.002.051.B.524111.RM', '10000449', '4124.BIC.002.051.B.524111', '1000141', 10000449, '- Transport Petugas Pusat [2 OR x 10 KL]', 20, ' OK', 2300000, 46000000, '', 7),
	('4124.BIC.002.051.B.524111.RM', '10000450', '4124.BIC.002.051.B.524111', '1000141', 10000450, '- Uang Harian Petugas Pusat [2 OR x 4 HR x 10 KL]', 80, 'OH ', 430000, 34400000, '', 7),
	('4124.BIC.002.051.B.524111.RM', '10000451', '4124.BIC.002.051.B.524111', '1000141', 10000451, '- Biaya Penginapan Petugas [2 OR x 3 HR x 10 KL]', 60, ' OH', 450000, 27000000, '', 7),
	('4124.BIC.002.051.B.524111.RM', '10000452', '4124.BIC.002.051.B.524111', '1000141', 10000452, '- Transport Kabupaten [2 OR x 10 TR]', 20, 'OT ', 460000, 9200000, '', 7),
	('4124.BIC.002.051.B.524113.RM', '10000453', '4124.BIC.002.051.B.524113', '1000142', 10000453, '- Transport Lokal [2 OR x 1 HR x 5 KL]', 10, ' OK', 150000, 1500000, '', 7),
	('4124.BIC.002.051.B.524119.RM', '10000454', '4124.BIC.002.051.B.524119', '1000143', 10000454, '> Surabaya', 0, '0', 0, 189650000, '', 7),
	('4124.BIC.002.051.B.524119.RM', '10000455', '4124.BIC.002.051.B.524119', '1000143', 10000455, '>> Peserta Pelaku Usaha dan Dinas', 0, '0', 0, 19250000, '', 7),
	('4124.BIC.002.051.B.524119.RM', '10000456', '4124.BIC.002.051.B.524119', '1000143', 10000456, '- Transport [25 OR x 1 HR x 1 KL]', 25, ' OT', 150000, 3750000, '', 7),
	('4124.BIC.002.051.B.524119.RM', '10000457', '4124.BIC.002.051.B.524119', '1000143', 10000457, '- Uang Harian Fullday [25 OR x 1 HR x 1 KL]', 25, ' OH', 140000, 3500000, '', 7),
	('4124.BIC.002.051.B.524119.RM', '10000458', '4124.BIC.002.051.B.524119', '1000143', 10000458, '- Paket Meeting Fullday [25 OR x 1 HR x 1 KL]', 25, ' OH', 480000, 12000000, '', 7),
	('4124.BIC.002.051.B.524119.RM', '10000459', '4124.BIC.002.051.B.524119', '1000143', 10000459, '>> Peserta UPT BPOM', 0, '0', 0, 170400000, '', 7),
	('4124.BIC.002.051.B.524119.RM', '10000460', '4124.BIC.002.051.B.524119', '1000143', 10000460, '- Transport [40 OR x 1 HR x 1 KL]', 40, ' OT', 1450000, 58000000, '', 7),
	('4124.BIC.002.051.B.524119.RM', '10000461', '4124.BIC.002.051.B.524119', '1000143', 10000461, '- Uang Harian Fullboard [40 OR x 2 HR x 1 KL]', 80, ' OH', 100000, 8000000, '', 7),
	('4124.BIC.002.051.B.524119.RM', '10000462', '4124.BIC.002.051.B.524119', '1000143', 10000462, '- Paket Meeting Fullboard [40 OR x 2 HR x 1 KL]', 80, ' OH', 1100000, 88000000, '', 7),
	('4124.BIC.002.051.B.524119.RM', '10000463', '4124.BIC.002.051.B.524119', '1000143', 10000463, '- Uang Harian [40 OR x 1 HR x 1 KL]', 40, ' OH', 410000, 16400000, '', 7),
	('4124.UBA.001.051.A.521114.RM', '10000464', '4124.UBA.001.051.A.521114', '1000144', 10000464, '- biaya pengiriman', 1, ' PT', 2500000, 2500000, '', 7),
	('4124.UBA.001.051.A.521131.RM', '10000465', '4124.UBA.001.051.A.521131', '1000145', 10000465, '- Pembelian APD', 5, 'PKT', 900000, 4500000, '', 7),
	('4124.UBA.001.051.A.521211.RM', '10000466', '4124.UBA.001.051.A.521211', '1000146', 10000466, '- Pengadaan ATK dan keperluan kantor', 8, ' PT', 1334000, 10672000, '', 7),
	('4124.UBA.001.051.A.521211.RM', '10000467', '4124.UBA.001.051.A.521211', '1000146', 10000467, '- Pembelian sampel', 50, ' PT', 200000, 10000000, '', 7),
	('4124.UBA.001.051.A.521211.RM', '10000468', '4124.UBA.001.051.A.521211', '1000146', 10000468, '- Konsumsi (makan) rapat [20 OR x 1 HR x 5 KL]', 100, ' OK', 48000, 4800000, '', 7),
	('4124.UBA.001.051.A.521211.RM', '10000469', '4124.UBA.001.051.A.521211', '1000146', 10000469, '- Konsumsi (snack) rapat [20 OR x 1 HR x 5 KL]', 100, ' OK', 22000, 2200000, '', 7),
	('4124.UBA.001.051.A.521211.RM', '10000470', '4124.UBA.001.051.A.521211', '1000146', 10000470, '> Dalam rangka pembuatan Tools penilaian', 0, '0', 0, 14000000, '', 7),
	('4124.UBA.001.051.A.521211.RM', '10000471', '4124.UBA.001.051.A.521211', '1000146', 10000471, '- Konsumsi (makan) rapat [20 OR x 1 HR x 10 KL]', 200, ' PT', 48000, 9600000, '', 7),
	('4124.UBA.001.051.A.521211.RM', '10000472', '4124.UBA.001.051.A.521211', '1000146', 10000472, '- Konsumsi (snack) rapat [20 OR x 1 HR x 10 KL]', 200, ' KL', 22000, 4400000, '', 7),
	('4124.UBA.001.051.A.521213.RM', '10000473', '4124.UBA.001.051.A.521213', '1000147', 10000473, '> Honor Tim Respon Cepat', 0, '0', 0, 28050000, '', 7),
	('4124.UBA.001.051.A.521213.RM', '10000474', '4124.UBA.001.051.A.521213', '1000147', 10000474, ' - Pembina [1 OR x 1 BLN]', 1, ' OB', 750000, 750000, '', 7),
	('4124.UBA.001.051.A.521213.RM', '10000475', '4124.UBA.001.051.A.521213', '1000147', 10000475, '- Ketua [2 OR x 1 BLN]', 2, ' OB', 650000, 1300000, '', 7),
	('4124.UBA.001.051.A.521213.RM', '10000476', '4124.UBA.001.051.A.521213', '1000147', 10000476, '- Wakil Ketua [2 OR x 1 BLN]', 2, ' OB', 500000, 1000000, '', 7),
	('4124.UBA.001.051.A.521213.RM', '10000477', '4124.UBA.001.051.A.521213', '1000147', 10000477, '- Anggota [50 OR x 1 BLN]', 50, ' OB', 500000, 25000000, '', 7),
	('4124.UBA.001.051.A.521241.RM', '10000478', '4124.UBA.001.051.A.521241', '1000148', 10000478, '- Uji Swab/Rapid Antigen/Rapid Test dan Sejenisnya [50 OR x 6 KL]', 300, ' OK', 200000, 60000000, '', 7),
	('4124.UBA.001.051.A.521241.RM', '10000479', '4124.UBA.001.051.A.521241', '1000148', 10000479, '- Biaya komunikasi/paket data internet', 1, 'BLN', 49800000, 49800000, '', 7),
	('4124.UBA.001.051.A.522141.RM', '10000480', '4124.UBA.001.051.A.522141', '1000149', 10000480, '- Perlengkapan Pertemuan', 1, 'PKT', 49500000, 49500000, '', 7),
	('4124.UBA.001.051.A.522151.RM', '10000481', '4124.UBA.001.051.A.522151', '1000150', 10000481, '- Honor narasumber lintas sektor [1 OR x 1 JAM x 19 KL]', 19, ' OJ', 1000000, 19000000, '', 7),
	('4124.UBA.001.051.A.522151.RM', '10000482', '4124.UBA.001.051.A.522151', '1000150', 10000482, '- Honor Pakar [2 OR x 2 JAM x 5 KL]', 20, ' OK', 1400000, 28000000, '', 7),
	('4124.UBA.001.051.A.522191.RM', '10000483', '4124.UBA.001.051.A.522191', '1000151', 10000483, '- Penyelenggaraan pertemuan', 1, 'PKT', 192000000, 192000000, '', 7),
	('4124.UBA.001.051.A.524113.RM', '10000484', '4124.UBA.001.051.A.524113', '1000152', 10000484, '- Transport [2 OR x 6 KL]', 12, ' OK', 150000, 1800000, '', 7),
	('4124.UBA.001.051.A.524114.RM', '10000485', '4124.UBA.001.051.A.524114', '1000153', 10000485, '-Transport [30 OR x 1 HR x 1 KL]', 30, ' OK', 150000, 4500000, '', 7),
	('4124.UBA.001.051.A.524114.RM', '10000486', '4124.UBA.001.051.A.524114', '1000153', 10000486, '- Uang Harian Fullday [30 OR x 1 HR x 1 KL]', 30, ' OK', 130000, 3900000, '', 7),
	('4124.UBA.001.051.A.524114.RM', '10000487', '4124.UBA.001.051.A.524114', '1000153', 10000487, '- Pakte meeting Fullday [30 OR x 1 HR x 1 KL]', 30, ' OK', 430000, 12900000, '', 7),
	('4124.UBA.001.051.A.524119.RM', '10000488', '4124.UBA.001.051.A.524119', '1000154', 10000488, '> Peserta', 0, '0', 0, 1225000000, '', 7),
	('4124.UBA.001.051.A.524119.RM', '10000489', '4124.UBA.001.051.A.524119', '1000154', 10000489, '- Transport [4 OR x 1 TR x 80 Kab]', 320, ' OT', 1332500, 426400000, '', 7),
	('4124.UBA.001.051.A.524119.RM', '10000490', '4124.UBA.001.051.A.524119', '1000154', 10000490, '- Uang harian fullboard [4 OR x 2 HR x 80 kab]', 640, ' OH', 211250, 135200000, '', 7),
	('4124.UBA.001.051.A.524119.RM', '10000491', '4124.UBA.001.051.A.524119', '1000154', 10000491, '- Paket meeting fulboard [4 OR x 1 HR x 80 kab]', 320, ' OH', 893125, 285800000, '', 7),
	('4124.UBA.001.051.A.524119.RM', '10000492', '4124.UBA.001.051.A.524119', '1000154', 10000492, '- Uang harian [4 OR x 1 HR x 80 Kab]', 320, ' OH', 410000, 131200000, '', 7),
	('4124.UBA.001.051.A.524119.RM', '10000493', '4124.UBA.001.051.A.524119', '1000154', 10000493, '- Penginapan [4 OR x 1 HR x 80 kab]', 320, ' OH', 770000, 246400000, '', 7),
	('4124.UBA.001.051.A.524119.RM', '10000494', '4124.UBA.001.051.A.524119', '1000154', 10000494, '> BPOM Pusat', 0, '0', 0, 179670000, '', 7),
	('4124.UBA.001.051.A.524119.RM', '10000495', '4124.UBA.001.051.A.524119', '1000154', 10000495, '- Transport [6 OR x 1 TR x 5 KL]', 30, ' OT', 2869000, 86070000, '', 7),
	('4124.UBA.001.051.A.524119.RM', '10000496', '4124.UBA.001.051.A.524119', '1000154', 10000496, '- Uang harian fullboard [6 OR x 3 HR x 5 KL] ', 90, ' OH', 180000, 16200000, '', 7),
	('4124.UBA.001.051.A.524119.RM', '10000497', '4124.UBA.001.051.A.524119', '1000154', 10000497, '- Paket meeting fullboard [6 OR x 2 HR x 5 KL]', 60, ' OH', 800000, 48000000, '', 7),
	('4124.UBA.001.051.A.524119.RM', '10000498', '4124.UBA.001.051.A.524119', '1000154', 10000498, '- Uang harian [6 OR x 1 HR x 5 KL]', 30, ' OH', 410000, 12300000, '', 7),
	('4124.UBA.001.051.A.524119.RM', '10000499', '4124.UBA.001.051.A.524119', '1000154', 10000499, '- Penginapan [6 OR x 1 HR x 5 KL]', 30, ' OH', 570000, 17100000, '', 7),
	('4124.UBA.001.051.A.524119.RM', '10000500', '4124.UBA.001.051.A.524119', '1000154', 10000500, '> Balai/Balai Besar POM', 0, '0', 0, 21300000, '', 7),
	('4124.UBA.001.051.A.524119.RM', '10000501', '4124.UBA.001.051.A.524119', '1000154', 10000501, '- Transport Lokal [3 OR x 2 TR x 5 KL]', 30, ' OT', 150000, 4500000, '', 7),
	('4124.UBA.001.051.A.524119.RM', '10000502', '4124.UBA.001.051.A.524119', '1000154', 10000502, '- Paket meeting fullday [3 OR x 2 HR x 5 KL]', 30, ' OH', 430000, 12900000, '', 7),
	('4124.UBA.001.051.A.524119.RM', '10000503', '4124.UBA.001.051.A.524119', '1000154', 10000503, '- Uang harian fullday [2 OR x 3 HR x 5 KL]', 30, ' OH', 130000, 3900000, '', 7),
	('4124.UBA.001.051.B.521131.RM', '10000504', '4124.UBA.001.051.B.521131', '1000155', 10000504, '- Pembelian APD', 1, 'PKT', 3966000, 3966000, '', 7),
	('4124.UBA.001.051.B.521241.RM', '10000505', '4124.UBA.001.051.B.521241', '1000156', 10000505, '- Uji Swab/Rapid Antigen/Rapid Test dan Sejenisnya [70 OR x 1 KL]', 80, ' OK', 251300, 20104000, '', 7),
	('4124.UBA.001.051.C.521211.RM', '10000506', '4124.UBA.001.051.C.521211', '1000157', 10000506, '- Makan siang rapat [25 OR x 2 KL x 1 HR]', 50, ' OH', 48000, 2400000, '', 7),
	('4124.UBA.001.051.C.521211.RM', '10000507', '4124.UBA.001.051.C.521211', '1000157', 10000507, '- Snack rapat pembahasan [25 OR x 2 KL x 1 HR]', 50, ' OH', 22000, 1100000, '', 7),
	('4124.UBA.001.051.C.521211.RM', '10000508', '4124.UBA.001.051.C.521211', '1000157', 10000508, '- Pengadaan ATK', 1, 'PKT', 980000, 980000, '', 7),
	('4124.UBA.001.051.C.522151.RM', '10000509', '4124.UBA.001.051.C.522151', '1000158', 10000509, '- Honor narasumber K/L [10 OR x 1 JAM]', 10, ' OJ', 1000000, 10000000, '', 7),
	('4124.UBA.001.051.C.524111.RM', '10000510', '4124.UBA.001.051.C.524111', '1000159', 10000510, '- Transport Petugas Pusat [3 OR x 3 KL]', 9, ' OH', 4100000, 36900000, '', 7),
	('4124.UBA.001.051.C.524111.RM', '10000511', '4124.UBA.001.051.C.524111', '1000159', 10000511, '- Uang Harian Petugas Pusat [3 OR x 3 HR x 3 TR]', 27, ' OH', 410000, 11070000, '', 7),
	('4124.UBA.001.051.C.524111.RM', '10000512', '4124.UBA.001.051.C.524111', '1000159', 10000512, '- Biaya Penginapan Petugas [3 OR x 2 HR x 3 TR]', 18, ' OH', 925000, 16650000, '', 7),
	('4124.UBA.001.051.C.524114.RM', '10000513', '4124.UBA.001.051.C.524114', '1000160', 10000513, '- Transport [50 OR x 1 HR x 1 KL]', 50, ' OH', 150000, 7500000, '', 7),
	('4124.UBA.001.051.C.524114.RM', '10000514', '4124.UBA.001.051.C.524114', '1000160', 10000514, '- Uang harian  fullday meeting [50 OR x 1 HR x 1 KL]', 50, ' OH', 130000, 6500000, '', 7),
	('4124.UBA.001.051.C.524114.RM', '10000515', '4124.UBA.001.051.C.524114', '1000160', 10000515, '- Paket pertemuan fullday meeting [50 OR x 1 HR x 1 KL]', 50, ' OH', 433000, 21650000, '', 7),
	('4124.UBA.001.052.A.521211.RM', '10000516', '4124.UBA.001.052.A.521211', '1000161', 10000516, '- Pengadaan ATK dan keperluan kantor', 4, ' PT', 2761500, 11046000, '', 7),
	('4124.UBA.001.052.A.521211.RM', '10000517', '4124.UBA.001.052.A.521211', '1000161', 10000517, '- Pencetakan spanduk', 1, 'PKT', 444000, 444000, '', 7),
	('4124.UBA.001.052.A.521211.RM', '10000518', '4124.UBA.001.052.A.521211', '1000161', 10000518, '- Makan Siang Pembahasan [25 OR x 1 HR x 20 KL]', 312, ' OK', 48000, 14976000, '', 7),
	('4124.UBA.001.052.A.521211.RM', '10000519', '4124.UBA.001.052.A.521211', '1000161', 10000519, '- Snack Pembahasan [25 OR x 1 HR x 20 KL]', 312, ' OK', 22000, 6864000, '', 7),
	('4124.UBA.001.052.A.521213.RM', '10000520', '4124.UBA.001.052.A.521213', '1000162', 10000520, '- Penanggung Jawab [1 OR x 4 KL]', 4, '4', 450000, 1800000, '', 7),
	('4124.UBA.001.052.A.521213.RM', '10000521', '4124.UBA.001.052.A.521213', '1000162', 10000521, '- Ketua [1 OR x 4 KL]', 4, '4', 400000, 1600000, '', 7),
	('4124.UBA.001.052.A.521213.RM', '10000522', '4124.UBA.001.052.A.521213', '1000162', 10000522, '- Anggota [1 OR x 4 KL]', 4, '4', 300000, 1200000, '', 7),
	('4124.UBA.001.052.A.521213.RM', '10000523', '4124.UBA.001.052.A.521213', '1000162', 10000523, 'honor tim penyusun pedoman', 0, '0', 0, 0, '', 7),
	('4124.UBA.001.052.A.521213.RM', '10000524', '4124.UBA.001.052.A.521213', '1000162', 10000524, '- Penanggung Jawab [1 OR x 1 BL]', 1, '1', 450000, 450000, '', 7),
	('4124.UBA.001.052.A.521213.RM', '10000525', '4124.UBA.001.052.A.521213', '1000162', 10000525, '- Ketua [1 OR x 1 BL]', 1, '1', 400000, 400000, '', 7),
	('4124.UBA.001.052.A.521213.RM', '10000526', '4124.UBA.001.052.A.521213', '1000162', 10000526, '- Anggota [8 OR x 1 BL]', 8, '8', 300000, 2400000, '', 7),
	('4124.UBA.001.052.A.521213.RM', '10000527', '4124.UBA.001.052.A.521213', '1000162', 10000527, 'honor tim penyusun revisi peraturan penarikan pangan dari peredaran', 0, '0', 0, 0, '', 7),
	('4124.UBA.001.052.A.521213.RM', '10000528', '4124.UBA.001.052.A.521213', '1000162', 10000528, '- Penanggung Jawab [1 OR x 1 BL]', 1, '1', 450000, 450000, '', 7),
	('4124.UBA.001.052.A.521213.RM', '10000529', '4124.UBA.001.052.A.521213', '1000162', 10000529, '- Ketua [1 OR x 1 BL]', 1, '1', 400000, 400000, '', 7),
	('4124.UBA.001.052.A.521213.RM', '10000530', '4124.UBA.001.052.A.521213', '1000162', 10000530, '- Anggota [8 OR x 1 BL]', 8, '8', 300000, 2400000, '', 7),
	('4124.UBA.001.052.A.521213.RM', '10000531', '4124.UBA.001.052.A.521213', '1000162', 10000531, 'honor tim penyusun revisi peraturan pengawasan PIRT', 0, '0', 0, 0, '', 7),
	('4124.UBA.001.052.A.521213.RM', '10000532', '4124.UBA.001.052.A.521213', '1000162', 10000532, '- Penanggung Jawab [1 OR x 1 BL]', 1, '1', 450000, 450000, '', 7),
	('4124.UBA.001.052.A.521213.RM', '10000533', '4124.UBA.001.052.A.521213', '1000162', 10000533, '- Ketua [1 OR x 1 BL]', 1, '1', 400000, 400000, '', 7),
	('4124.UBA.001.052.A.521213.RM', '10000534', '4124.UBA.001.052.A.521213', '1000162', 10000534, '- Anggota [9 OR x 1 BL]', 9, '9', 300000, 2700000, '', 7),
	('4124.UBA.001.052.A.521241.RM', '10000535', '4124.UBA.001.052.A.521241', '1000163', 10000535, 'Biaya Swab (20 or x 8 KL)', 80, 'PKT', 254800, 20384000, '', 7),
	('4124.UBA.001.052.A.522151.RM', '10000536', '4124.UBA.001.052.A.522151', '1000164', 10000536, '- Honor Narasumber [2 OR x 1 JAM x 6 KL]', 12, '12', 1000000, 12000000, '', 7),
	('4124.UBA.001.052.A.522151.RM', '10000537', '4124.UBA.001.052.A.522151', '1000164', 10000537, '- Honor Moderator [2 OR x 2 KL]', 4, '4', 700000, 2800000, '', 7),
	('4124.UBA.001.052.A.522151.RM', '10000538', '4124.UBA.001.052.A.522151', '1000164', 10000538, '- Honor Pakar [2 OR x 3 JAM x 5 KL]', 30, '30', 1400000, 42000000, '', 7),
	('4124.UBA.001.052.A.522191.RM', '10000539', '4124.UBA.001.052.A.522191', '1000165', 10000539, '- Biaya jasa penyelenggaraan dalam rangka WFD', 1, '1', 41616000, 41616000, '', 7),
	('4124.UBA.001.052.A.524111.RM', '10000540', '4124.UBA.001.052.A.524111', '1000166', 10000540, '- Transport [3 OR x 4 KL]', 12, '12', 2867000, 34404000, '', 7),
	('4124.UBA.001.052.A.524111.RM', '10000541', '4124.UBA.001.052.A.524111', '1000166', 10000541, '- Uang Harian [3 OR x 3 HR x 4 TR]', 36, '36', 430000, 15480000, '', 7),
	('4124.UBA.001.052.A.524111.RM', '10000542', '4124.UBA.001.052.A.524111', '1000166', 10000542, '- Biaya Penginapan [3 OR x 2 HR x 4 TR]', 24, '24', 600000, 14400000, '', 7),
	('4124.UBA.001.052.A.524114.RM', '10000543', '4124.UBA.001.052.A.524114', '1000167', 10000543, '>Dalam rangka WFD', 0, '0', 0, 0, '', 7),
	('4124.UBA.001.052.A.524114.RM', '10000544', '4124.UBA.001.052.A.524114', '1000167', 10000544, '- Transport [30 OR x 1 HR x 4 KL]', 120, ' OK', 150000, 18000000, '', 7),
	('4124.UBA.001.052.A.524114.RM', '10000545', '4124.UBA.001.052.A.524114', '1000167', 10000545, '- Uang Harian Fullday [30 OR x 1 HR x 4 KL]', 120, ' OK', 130000, 15600000, '', 7),
	('4124.UBA.001.052.A.524114.RM', '10000546', '4124.UBA.001.052.A.524114', '1000167', 10000546, '- Paket meeting Fullday [30 OR x 1 HR x 4 KL]', 120, ' OK', 533000, 63960000, '', 7),
	('4124.UBA.001.052.A.524119.RM', '10000547', '4124.UBA.001.052.A.524119', '1000168', 10000547, '- Uang Harian fullday meeting [30 OR x 1 HR x 4 TR]', 120, '120', 130000, 15600000, '', 7),
	('4124.UBA.001.052.A.524119.RM', '10000548', '4124.UBA.001.052.A.524119', '1000168', 10000548, '- Transport Peserta [30 OR x 4 KL]', 120, '120', 150000, 18000000, '', 7),
	('4124.UBA.001.052.A.524119.RM', '10000549', '4124.UBA.001.052.A.524119', '1000168', 10000549, '- Paket meeting fullday [30 OR x 4 KL]', 120, '120', 486000, 58320000, '', 7),
	('4124.UBA.001.052.B.521211.RM', '10000550', '4124.UBA.001.052.B.521211', '1000169', 10000550, '- Pengadaan ATK', 3, ' PT', 1650000, 4950000, '', 7),
	('4124.UBA.001.052.B.521211.RM', '10000551', '4124.UBA.001.052.B.521211', '1000169', 10000551, '- Konsumsi (Makan) Rapat [25 OR x 1 HR x 11 KL]', 325, ' OK', 48000, 15600000, '', 7),
	('4124.UBA.001.052.B.521211.RM', '10000552', '4124.UBA.001.052.B.521211', '1000169', 10000552, '- Konsumsi (Snack) Rapat [25 OR x 1 HR x 11 KL]', 325, ' OK', 22000, 7150000, '', 7),
	('4124.UBA.001.052.B.521211.RM', '10000553', '4124.UBA.001.052.B.521211', '1000169', 10000553, '- Pelaporan', 1, 'PKT', 2400000, 2400000, '', 7),
	('4124.UBA.001.052.B.521211.RM', '10000554', '4124.UBA.001.052.B.521211', '1000169', 10000554, '- Pembelian sampel', 50, 'PKT', 278000, 10000000, '', 7),
	('4124.UBA.001.052.B.521241.RM', '10000555', '4124.UBA.001.052.B.521241', '1000170', 10000555, 'Biaya Swab (15 or x 2 KL)', 30, 'PKT', 195000, 5850000, '', 7),
	('4124.UBA.001.052.B.522141.RM', '10000556', '4124.UBA.001.052.B.522141', '1000171', 10000556, '- Biaya sewa peralatan teleconference', 1, 'PKT', 6500000, 6500000, '', 7),
	('4124.UBA.001.052.B.522151.RM', '10000557', '4124.UBA.001.052.B.522151', '1000172', 10000557, '- Honor Narasumber [2 OR x 2 JAM x 5 KL]', 20, ' OJ', 1100000, 22000000, '', 7),
	('4124.UBA.001.052.B.522151.RM', '10000558', '4124.UBA.001.052.B.522151', '1000172', 10000558, '- Honor Moderator [1 OR x 5 KL]', 5, ' OK', 700000, 3500000, '', 7),
	('4124.UBA.001.052.B.522151.RM', '10000559', '4124.UBA.001.052.B.522151', '1000172', 10000559, '- Honor Pakar [2 OR x 2 JAM x 5 KL]', 20, ' OJ', 1400000, 28000000, '', 7),
	('4124.UBA.001.052.B.522191.RM', '10000560', '4124.UBA.001.052.B.522191', '1000173', 10000560, 'Capacity building dalam penanganan isu', 1, 'PKT', 51446000, 51446000, '', 7),
	('4124.UBA.001.052.B.522191.RM', '10000561', '4124.UBA.001.052.B.522191', '1000173', 10000561, 'Biaya pengujian sampel', 1, 'PKT', 50000000, 50000000, '', 7),
	('4124.UBA.001.052.B.524111.RM', '10000562', '4124.UBA.001.052.B.524111', '1000174', 10000562, '- Transport [1 OR x 1 HR x 25 KL]', 25, ' OK', 300000, 7500000, '', 7),
	('4124.UBA.001.052.B.524111.RM', '10000563', '4124.UBA.001.052.B.524111', '1000174', 10000563, '- Uang harian [1 OR x 1 HR x 20 KL]', 20, ' OH', 430000, 8600000, '', 7),
	('4124.UBA.001.052.B.524113.RM', '10000564', '4124.UBA.001.052.B.524113', '1000175', 10000564, '- Transport  Petugas [1 OR x 1 HR x 30 KL]', 30, ' OK', 150000, 4500000, '', 7),
	('4124.UBA.001.052.B.524114.RM', '10000565', '4124.UBA.001.052.B.524114', '1000176', 10000565, '- Transport [30 OR x 1 HR x 3 KL]', 90, ' OK', 150000, 13500000, '', 7),
	('4124.UBA.001.052.B.524114.RM', '10000566', '4124.UBA.001.052.B.524114', '1000176', 10000566, '- Uang harian fullday 30 OR x 1 HR x 3 KL]', 90, ' OK', 130000, 11700000, '', 7),
	('4124.UBA.001.052.B.524114.RM', '10000567', '4124.UBA.001.052.B.524114', '1000176', 10000567, '- Paket pertemuan fullday meeting [30 OR x 1 HR x 2 KL]', 90, ' OH', 500000, 45000000, '', 7);
/*!40000 ALTER TABLE "detils" ENABLE KEYS */;

-- Dumping structure for table public.failed_jobs
CREATE TABLE IF NOT EXISTS "failed_jobs" (
	"id" BIGINT NOT NULL DEFAULT 'nextval(''failed_jobs_id_seq''::regclass)',
	"uuid" VARCHAR(255) NOT NULL,
	"connection" TEXT NOT NULL,
	"queue" TEXT NOT NULL,
	"payload" TEXT NOT NULL,
	"exception" TEXT NOT NULL,
	"failed_at" TIMESTAMP NOT NULL DEFAULT 'CURRENT_TIMESTAMP',
	PRIMARY KEY ("id"),
	UNIQUE INDEX "failed_jobs_uuid_unique" ("uuid")
);

-- Dumping data for table public.failed_jobs: 0 rows
/*!40000 ALTER TABLE "failed_jobs" DISABLE KEYS */;
/*!40000 ALTER TABLE "failed_jobs" ENABLE KEYS */;

-- Dumping structure for table public.kegiatans
CREATE TABLE IF NOT EXISTS "kegiatans" (
	"path" TEXT NOT NULL,
	"kode" TEXT NOT NULL,
	"parent_id_path" TEXT NOT NULL,
	"parent_id" TEXT NOT NULL,
	"id" BIGINT NOT NULL DEFAULT 'nextval(''kegiatans_id_seq''::regclass)',
	"uraian" TEXT NOT NULL,
	"volume" BIGINT NOT NULL,
	"satuan" TEXT NOT NULL,
	"hargasat" BIGINT NOT NULL,
	"jumlah" BIGINT NOT NULL,
	"sumber" TEXT NULL DEFAULT NULL,
	"level" INTEGER NOT NULL,
	PRIMARY KEY ("id")
);

-- Dumping data for table public.kegiatans: 0 rows
/*!40000 ALTER TABLE "kegiatans" DISABLE KEYS */;
INSERT INTO "kegiatans" ("path", "kode", "parent_id_path", "parent_id", "id", "uraian", "volume", "satuan", "hargasat", "jumlah", "sumber", "level") VALUES
	('4124', '4124', '063.4124', '1', 10, 'Pengawasan Peredaran Pangan Olahan', 0, '0', 0, 9127146000, NULL, 1);
/*!40000 ALTER TABLE "kegiatans" ENABLE KEYS */;

-- Dumping structure for table public.komponens
CREATE TABLE IF NOT EXISTS "komponens" (
	"path" TEXT NOT NULL,
	"kode" TEXT NOT NULL,
	"parent_id_path" TEXT NOT NULL,
	"parent_id" TEXT NOT NULL,
	"id" BIGINT NOT NULL DEFAULT 'nextval(''komponens_id_seq''::regclass)',
	"uraian" TEXT NOT NULL,
	"volume" BIGINT NOT NULL,
	"satuan" TEXT NOT NULL,
	"hargasat" BIGINT NOT NULL,
	"jumlah" BIGINT NOT NULL,
	"sumber" TEXT NULL DEFAULT NULL,
	"level" INTEGER NOT NULL,
	PRIMARY KEY ("id")
);

-- Dumping data for table public.komponens: 0 rows
/*!40000 ALTER TABLE "komponens" DISABLE KEYS */;
INSERT INTO "komponens" ("path", "kode", "parent_id_path", "parent_id", "id", "uraian", "volume", "satuan", "hargasat", "jumlah", "sumber", "level") VALUES
	('4124.BAH.001.051', '051', '4124.BAH.001', '100', 10000, 'Pelayanan Ekspor Impor Pangan', 0, '0', 0, 240428000, 'U', 4),
	('4124.BAH.001.052', '052', '4124.BAH.001', '100', 10001, 'Peningkatan Indeks pelayanan publik', 0, '0', 0, 286292000, 'U', 4),
	('4124.BAH.001.053', '053', '4124.BAH.001', '100', 10002, 'Peningkatan Indeks kepuasan masyarakat', 0, '0', 0, 199000000, 'U', 4),
	('4124.BIA.001.051', '051', '4124.BIA.001', '101', 10003, 'Inspeksi Sarana Peredaran Pangan Olahan', 0, '0', 0, 2212603000, 'U', 4),
	('4124.BIA.001.052', '052', '4124.BIA.001', '101', 10004, 'Pengawasan Peredaran Produk Pangan', 0, '0', 0, 608043000, 'U', 4),
	('4124.BIA.001.053', '053', '4124.BIA.001', '101', 10005, 'Forum Konsolidasi Academia, Bussines, Community, Goverment, Media', 0, '0', 0, 918853000, 'U', 4),
	('4124.BIA.001.054', '054', '4124.BIA.001', '101', 10006, 'Monitoring dan Evaluasi Kinerja Pengawasan Peredaran Pangan', 0, '0', 0, 1020035000, 'U', 4),
	('4124.BIC.002.051', '051', '4124.BIC.002', '102', 10007, 'Sertifikasi Sistem Jaminan Keamanan Pangan dan Mutu Pangan di Sarana Distribusi', 0, '0', 0, 856340000, 'U', 4),
	('4124.UBA.001.051', '051', '4124.UBA.001', '103', 10008, 'Monitoring Kinerja Pengawasan post market Kabupaten Kota', 0, '0', 0, 2062912000, 'U', 4),
	('4124.UBA.001.052', '052', '4124.UBA.001', '103', 10009, 'Pendampingan post market Pangan Industri Rumah Tangga', 0, '0', 0, 722640000, 'U', 4);
/*!40000 ALTER TABLE "komponens" ENABLE KEYS */;

-- Dumping structure for table public.migrations
CREATE TABLE IF NOT EXISTS "migrations" (
	"id" INTEGER NOT NULL DEFAULT 'nextval(''migrations_id_seq''::regclass)',
	"migration" VARCHAR(255) NOT NULL,
	"batch" INTEGER NOT NULL,
	PRIMARY KEY ("id")
);

-- Dumping data for table public.migrations: 0 rows
/*!40000 ALTER TABLE "migrations" DISABLE KEYS */;
INSERT INTO "migrations" ("id", "migration", "batch") VALUES
	(1, '2014_10_12_000000_create_users_table', 1),
	(2, '2014_10_12_100000_create_password_resets_table', 1),
	(3, '2014_10_12_200000_add_two_factor_columns_to_users_table', 1),
	(4, '2019_08_19_000000_create_failed_jobs_table', 1),
	(5, '2019_12_14_000001_create_personal_access_tokens_table', 1),
	(6, '2021_09_22_061830_create_sessions_table', 1),
	(14, '2021_09_22_085521_create_detils_table', 2),
	(15, '2021_09_22_085609_create_akuns_table', 2),
	(16, '2021_09_22_085624_create_subkomponens_table', 2),
	(17, '2021_09_22_085642_create_komponens_table', 2),
	(18, '2021_09_22_085702_create_suboutputs_table', 2),
	(19, '2021_09_22_085719_create_outputs_table', 2),
	(20, '2021_09_22_085735_create_kegiatans_table', 2),
	(21, '2021_09_26_194802_create_realisasis_table', 3),
	(22, '2021_09_29_152306_create_penandatangans_table', 3);
/*!40000 ALTER TABLE "migrations" ENABLE KEYS */;

-- Dumping structure for table public.outputs
CREATE TABLE IF NOT EXISTS "outputs" (
	"path" TEXT NOT NULL,
	"kode" TEXT NOT NULL,
	"parent_id_path" TEXT NOT NULL,
	"parent_id" TEXT NOT NULL,
	"id" BIGINT NOT NULL DEFAULT 'nextval(''outputs_id_seq''::regclass)',
	"uraian" TEXT NOT NULL,
	"volume" BIGINT NOT NULL,
	"satuan" TEXT NOT NULL,
	"hargasat" BIGINT NOT NULL,
	"jumlah" BIGINT NOT NULL,
	"sumber" TEXT NULL DEFAULT NULL,
	"level" INTEGER NOT NULL,
	PRIMARY KEY ("id")
);

-- Dumping data for table public.outputs: 0 rows
/*!40000 ALTER TABLE "outputs" DISABLE KEYS */;
INSERT INTO "outputs" ("path", "kode", "parent_id_path", "parent_id", "id", "uraian", "volume", "satuan", "hargasat", "jumlah", "sumber", "level") VALUES
	('4124.BAH', 'BAH', '4124', '4124', 100, 'Pelayanan Publik Lainnya', 65000, 'layanan', 0, 725720000, '', 2),
	('4124.BIA', 'BIA', '4124', '4124', 101, 'Pengawasan dan Pengendalian Produk', 0, '0', 0, 4759534000, '', 2),
	('4124.BIC', 'BIC', '4124', '4124', 102, 'Pengawasan dan Pengendalian Lembaga', 210, 'lembaga', 0, 856340000, '', 2),
	('4124.UBA', 'UBA', '4124', '4124', 103, 'Fasilitasi dan Pembinaan Pemerintah Daerah', 125, 'daerah', 0, 2785552000, '', 2);
/*!40000 ALTER TABLE "outputs" ENABLE KEYS */;

-- Dumping structure for table public.password_resets
CREATE TABLE IF NOT EXISTS "password_resets" (
	"email" VARCHAR(255) NOT NULL,
	"token" VARCHAR(255) NOT NULL,
	"created_at" TIMESTAMP NULL DEFAULT NULL,
	INDEX "password_resets_email_index" ("email")
);

-- Dumping data for table public.password_resets: 0 rows
/*!40000 ALTER TABLE "password_resets" DISABLE KEYS */;
/*!40000 ALTER TABLE "password_resets" ENABLE KEYS */;

-- Dumping structure for table public.penandatangans
CREATE TABLE IF NOT EXISTS "penandatangans" (
	"id" BIGINT NOT NULL DEFAULT 'nextval(''penandatangans_id_seq''::regclass)',
	"nama" TEXT NOT NULL,
	"nip" BIGINT NOT NULL,
	"bertindakSebagai" TEXT NOT NULL,
	PRIMARY KEY ("id")
);

-- Dumping data for table public.penandatangans: 0 rows
/*!40000 ALTER TABLE "penandatangans" DISABLE KEYS */;
INSERT INTO "penandatangans" ("id", "nama", "nip", "bertindakSebagai") VALUES
	(1, 'Dina Mariana, S.Si., Apt., MP', 197812062005012001, 'pjk'),
	(3, 'Neni Yuliza, S.Si., Apt.', 197207201999032001, 'pjk'),
	(6, 'Betty Noegraha Ardi, ST, M.Sc.', 197903162005012001, 'ppk'),
	(10, 'Kris', 12345678, 'bpp'),
	(15, 'Jerry Voldo Febian Manurung, S.Farm., Apt', 198411172015021002, 'ppbj'),
	(21, 'Ema Setyawati, S.Si., Apt., ME', 123456789, 'kpa');
/*!40000 ALTER TABLE "penandatangans" ENABLE KEYS */;

-- Dumping structure for table public.personal_access_tokens
CREATE TABLE IF NOT EXISTS "personal_access_tokens" (
	"id" BIGINT NOT NULL DEFAULT 'nextval(''personal_access_tokens_id_seq''::regclass)',
	"tokenable_type" VARCHAR(255) NOT NULL,
	"tokenable_id" BIGINT NOT NULL,
	"name" VARCHAR(255) NOT NULL,
	"token" VARCHAR(64) NOT NULL,
	"abilities" TEXT NULL DEFAULT NULL,
	"last_used_at" TIMESTAMP NULL DEFAULT NULL,
	"created_at" TIMESTAMP NULL DEFAULT NULL,
	"updated_at" TIMESTAMP NULL DEFAULT NULL,
	PRIMARY KEY ("id"),
	INDEX "personal_access_tokens_tokenable_type_tokenable_id_index" ("tokenable_type", "tokenable_id"),
	UNIQUE INDEX "personal_access_tokens_token_unique" ("token")
);

-- Dumping data for table public.personal_access_tokens: 0 rows
/*!40000 ALTER TABLE "personal_access_tokens" DISABLE KEYS */;
/*!40000 ALTER TABLE "personal_access_tokens" ENABLE KEYS */;

-- Dumping structure for table public.realisasis
CREATE TABLE IF NOT EXISTS "realisasis" (
	"id" BIGINT NOT NULL DEFAULT 'nextval(''realisasis_id_seq''::regclass)',
	"created_at" TIMESTAMP NULL DEFAULT NULL,
	"updated_at" TIMESTAMP NULL DEFAULT NULL,
	PRIMARY KEY ("id")
);

-- Dumping data for table public.realisasis: 0 rows
/*!40000 ALTER TABLE "realisasis" DISABLE KEYS */;
/*!40000 ALTER TABLE "realisasis" ENABLE KEYS */;

-- Dumping structure for table public.sessions
CREATE TABLE IF NOT EXISTS "sessions" (
	"id" VARCHAR(255) NOT NULL,
	"user_id" BIGINT NULL DEFAULT NULL,
	"ip_address" VARCHAR(45) NULL DEFAULT NULL,
	"user_agent" TEXT NULL DEFAULT NULL,
	"payload" TEXT NOT NULL,
	"last_activity" INTEGER NOT NULL,
	PRIMARY KEY ("id"),
	INDEX "sessions_user_id_index" ("user_id"),
	INDEX "sessions_last_activity_index" ("last_activity")
);

-- Dumping data for table public.sessions: 1 rows
/*!40000 ALTER TABLE "sessions" DISABLE KEYS */;
INSERT INTO "sessions" ("id", "user_id", "ip_address", "user_agent", "payload", "last_activity") VALUES
	('lzSCXeG2MaWWvSwepNdOYvh50Ove9cKFRf0qgObD', 1, '127.0.0.1', 'Mozilla/5.0 (Windows NT 10.0; Win64; x64) AppleWebKit/537.36 (KHTML, like Gecko) Chrome/94.0.4606.61 Safari/537.36', 'YTo2OntzOjY6Il90b2tlbiI7czo0MDoiMTh1cjJHSTFsOW1ibkNwaDExODZrT2pHYU52a1ZKNHA0cWhJWVQyZSI7czo5OiJfcHJldmlvdXMiO2E6MTp7czozOiJ1cmwiO3M6MzA6Imh0dHA6Ly9wdGoudGVzdC9iZWxhbmphLzUyMTIxMSI7fXM6NjoiX2ZsYXNoIjthOjI6e3M6Mzoib2xkIjthOjA6e31zOjM6Im5ldyI7YTowOnt9fXM6NTA6ImxvZ2luX3dlYl81OWJhMzZhZGRjMmIyZjk0MDE1ODBmMDE0YzdmNThlYTRlMzA5ODlkIjtpOjE7czoxNzoicGFzc3dvcmRfaGFzaF93ZWIiO3M6NjA6IiQyeSQxMCRWb2Y4RlRHRFJsLlMzSGNrSTlTRGp1S2Vxci9xZ2NrRWcuVUt0MkczbHJMNk1VeDRFRXJlZSI7czoyMToicGFzc3dvcmRfaGFzaF9zYW5jdHVtIjtzOjYwOiIkMnkkMTAkVm9mOEZUR0RSbC5TM0hja0k5U0RqdUtlcXIvcWdja0VnLlVLdDJHM2xyTDZNVXg0RUVyZWUiO30=', 1632930137),
	('C2JeDqlm5OzQi5K1vcr81ffIQ2jUdBHfyy67WNSV', NULL, '127.0.0.1', 'Mozilla/5.0 (Windows NT 10.0; Win64; x64) AppleWebKit/537.36 (KHTML, like Gecko) Chrome/94.0.4606.61 Safari/537.36', 'YTozOntzOjY6Il90b2tlbiI7czo0MDoiQzRDS05Zb25MT2lmMHdSMDVDTk9EaVkyVTk4TXFRTFBldUdqdTQ2NCI7czo2OiJfZmxhc2giO2E6Mjp7czozOiJvbGQiO2E6MDp7fXM6MzoibmV3IjthOjA6e319czo5OiJfcHJldmlvdXMiO2E6MTp7czozOiJ1cmwiO3M6MTg6Imh0dHA6Ly9wZXRlamUudGVzdCI7fX0=', 1633447535);
/*!40000 ALTER TABLE "sessions" ENABLE KEYS */;

-- Dumping structure for table public.subkomponens
CREATE TABLE IF NOT EXISTS "subkomponens" (
	"path" TEXT NOT NULL,
	"kode" TEXT NOT NULL,
	"parent_id_path" TEXT NOT NULL,
	"parent_id" TEXT NOT NULL,
	"id" BIGINT NOT NULL DEFAULT 'nextval(''subkomponens_id_seq''::regclass)',
	"uraian" TEXT NOT NULL,
	"volume" BIGINT NOT NULL,
	"satuan" TEXT NOT NULL,
	"hargasat" BIGINT NOT NULL,
	"jumlah" BIGINT NOT NULL,
	"sumber" TEXT NULL DEFAULT NULL,
	"level" INTEGER NOT NULL,
	PRIMARY KEY ("id")
);

-- Dumping data for table public.subkomponens: 29 rows
/*!40000 ALTER TABLE "subkomponens" DISABLE KEYS */;
INSERT INTO "subkomponens" ("path", "kode", "parent_id_path", "parent_id", "id", "uraian", "volume", "satuan", "hargasat", "jumlah", "sumber", "level") VALUES
	('4124.BAH.001.051.A', 'A', '4124.BAH.001.051', '100', 100000, 'Peningkatan Pelayanan Publik Layanan Ekspor Impor', 0, '0', 0, 106268000, '', 5),
	('4124.BAH.001.051.B', 'B', '4124.BAH.001.051', '100', 100001, 'Pembangunan Nasional sistem dukungan ekspor ke negara lain', 0, '0', 0, 70225000, '', 5),
	('4124.BAH.001.051.C', 'C', '4124.BAH.001.051', '100', 100002, 'Penanganan Isu Layanan Publik', 0, '0', 0, 63935000, '', 5),
	('4124.BAH.001.052.A', 'A', '4124.BAH.001.052', '100', 100003, 'Sistem Jemput Bola Pelayanan Publik Bagi Pelaku Usaha', 0, '0', 0, 154032000, '', 5),
	('4124.BAH.001.052.B', 'B', '4124.BAH.001.052', '100', 100004, 'Peningkatan pelayanan publik importir prioritas dan eksportir prioritas', 0, '0', 0, 50790000, '', 5),
	('4124.BAH.001.052.C', 'C', '4124.BAH.001.052', '100', 100005, 'Peningkatan Fasilitas Pendukung Pelayanan Publik', 0, '0', 0, 81470000, '', 5),
	('4124.BAH.001.053.A', 'A', '4124.BAH.001.053', '100', 100006, 'Digital Marketing Layanan Publik Ditwas Peredaran Pangan Olahan', 0, '0', 0, 94970000, '', 5),
	('4124.BAH.001.053.B', 'B', '4124.BAH.001.053', '100', 100007, 'Survey Kepuasan Pelanggan Ditwas Peredaran Pangan Olahan', 0, '0', 0, 104030000, '', 5),
	('4124.BIA.001.051.A', 'A', '4124.BIA.001.051', '101', 100008, 'Verifikasi Sarana Peredaran Pangan', 0, '0', 0, 608554000, '', 5),
	('4124.BIA.001.051.B', 'B', '4124.BIA.001.051', '101', 100009, 'Penanganan Isu Keamanan Pangan', 0, '0', 0, 182655000, '', 5),
	('4124.BIA.001.051.C', 'C', '4124.BIA.001.051', '101', 100010, 'Intensifikasi Pengawasan Pangan Olahan', 0, '0', 0, 352206000, '', 5),
	('4124.BIA.001.051.D', 'D', '4124.BIA.001.051', '101', 100011, 'Penguatan Koordinasi Regional dan Internasional Dalam Rangka Pengawasan Pangan', 0, '0', 0, 229783000, '', 5),
	('4124.BIA.001.051.E', 'E', '4124.BIA.001.051', '101', 100012, 'Implementasi Pemberdayaan Masyarakat dalam pengawasan', 0, '0', 0, 839405000, '', 5),
	('4124.BIA.001.052.A', 'A', '4124.BIA.001.052', '101', 100013, 'Pengawasan Iklan pangan, Pangan online dan MLM', 0, '0', 0, 608043000, '', 5),
	('4124.BIA.001.053.A', 'A', '4124.BIA.001.053', '101', 100014, 'Percepatan penanganan covid-19', 0, '0', 0, 504264000, '', 5),
	('4124.BIA.001.053.B', 'B', '4124.BIA.001.053', '101', 100015, 'Rapat Koordinasi Nasional dalam rangka manajemen sampling 2022', 0, '0', 0, 414589000, '', 5),
	('4124.BIA.001.054.A', 'A', '4124.BIA.001.054', '101', 100016, 'Implementasi, Monitoring dan Evaluasi Reformasi Birokrasi dan Sistem Manajemen Mutu ISO 9001:2015', 0, '0', 0, 90040000, '', 5),
	('4124.BIA.001.054.B', 'B', '4124.BIA.001.054', '101', 100017, 'Forum Koordinasi Teknis Kedeputian 3', 0, '0', 0, 91355000, '', 5),
	('4124.BIA.001.054.C', 'C', '4124.BIA.001.054', '101', 100018, 'Peningkatan Kompetensi Personil Pengawas', 0, '0', 0, 215380000, '', 5),
	('4124.BIA.001.054.D', 'D', '4124.BIA.001.054', '101', 100019, 'Dukungan Management Pengawasan Peredaran Pangan Olahan', 0, '0', 0, 421580000, '', 5),
	('4124.BIA.001.054.E', 'E', '4124.BIA.001.054', '101', 100020, 'Administrasi Satker kedeputian 3', 0, '0', 0, 74460000, '', 5),
	('4124.BIA.001.054.F', 'F', '4124.BIA.001.054', '101', 100021, 'Perencanaan, dan Monitoring Evaluasi Direktorat Pengawasan Peredaran Pangan Olahan', 0, '0', 0, 127220000, '', 5),
	('4124.BIC.002.051.A', 'A', '4124.BIC.002.051', '102', 100022, 'Penyusunan NSPK Sistem Management Keamanan Pangan Olahan', 0, '0', 0, 355140000, '', 5),
	('4124.BIC.002.051.B', 'B', '4124.BIC.002.051', '102', 100023, 'Implementasi SMKPO di Sarana Peredaran ', 0, '0', 0, 501200000, '', 5),
	('4124.UBA.001.051.A', 'A', '4124.UBA.001.051', '103', 100024, 'Penyusunan Reward System untuk Kab/Kota yang melakukan pengawasan sesuai NSPK', 0, '0', 0, 1924092000, '', 5),
	('4124.UBA.001.051.B', 'B', '4124.UBA.001.051', '103', 100025, 'Evaluasi Kinerja Pemda Kab/Kota', 0, '0', 0, 24070000, '', 5),
	('4124.UBA.001.051.C', 'C', '4124.UBA.001.051', '103', 100026, 'Penguatan Koordinasi Nasional Dalam Rangka Pengawasan Pangan', 0, '0', 0, 114750000, '', 5),
	('4124.UBA.001.052.A', 'A', '4124.UBA.001.052', '103', 100027, 'Bimbingan Teknis Post Market Pengawasan Industri Rumah Tangga', 0, '0', 0, 420544000, '', 5),
	('4124.UBA.001.052.B', 'B', '4124.UBA.001.052', '103', 100028, 'Penanganan Isu Keamanan Pangan', 0, '0', 0, 302096000, '', 5);
/*!40000 ALTER TABLE "subkomponens" ENABLE KEYS */;

-- Dumping structure for table public.suboutputs
CREATE TABLE IF NOT EXISTS "suboutputs" (
	"path" TEXT NOT NULL,
	"kode" TEXT NOT NULL,
	"parent_id_path" TEXT NOT NULL,
	"parent_id" TEXT NOT NULL,
	"id" BIGINT NOT NULL DEFAULT 'nextval(''suboutputs_id_seq''::regclass)',
	"uraian" TEXT NOT NULL,
	"volume" BIGINT NOT NULL,
	"satuan" TEXT NOT NULL,
	"hargasat" BIGINT NOT NULL,
	"jumlah" BIGINT NOT NULL,
	"sumber" TEXT NULL DEFAULT NULL,
	"level" INTEGER NOT NULL,
	PRIMARY KEY ("id")
);

-- Dumping data for table public.suboutputs: 0 rows
/*!40000 ALTER TABLE "suboutputs" DISABLE KEYS */;
INSERT INTO "suboutputs" ("path", "kode", "parent_id_path", "parent_id", "id", "uraian", "volume", "satuan", "hargasat", "jumlah", "sumber", "level") VALUES
	('4124.BAH.001', '001', '4124.BAH', '100', 1000, 'Surat Keterangan Ekspor Impor Pangan yang Diselesaikan Tepat Waktu', 65000, 'jumlah permohonan', 0, 725720000, '', 3),
	('4124.BIA.001', '001', '4124.BIA', '101', 1001, 'Keputusan Hasil Pengawasan Peredaran Pangan Olahan diselesaikan sesuai standar', 5400, 'keputusan', 0, 4759534000, '', 3),
	('4124.BIC.002', '002', '4124.BIC', '102', 1002, 'Sarana Distribusi yang menerapkan SJKPMP Peredaran', 210, 'sarana', 0, 856340000, '', 3),
	('4124.UBA.001', '001', '4124.UBA', '103', 1003, 'Kabupaten/Kota yang melaksanakan pengawasan post market sesuai standar', 125, 'jumlah kab/kota', 0, 2785552000, '', 3);
/*!40000 ALTER TABLE "suboutputs" ENABLE KEYS */;

-- Dumping structure for table public.users
CREATE TABLE IF NOT EXISTS "users" (
	"id" BIGINT NOT NULL DEFAULT 'nextval(''users_id_seq''::regclass)',
	"name" VARCHAR(255) NOT NULL,
	"email" VARCHAR(255) NOT NULL,
	"email_verified_at" TIMESTAMP NULL DEFAULT NULL,
	"password" VARCHAR(255) NOT NULL,
	"remember_token" VARCHAR(100) NULL DEFAULT NULL,
	"current_team_id" BIGINT NULL DEFAULT NULL,
	"profile_photo_path" VARCHAR(2048) NULL DEFAULT NULL,
	"created_at" TIMESTAMP NULL DEFAULT NULL,
	"updated_at" TIMESTAMP NULL DEFAULT NULL,
	"two_factor_secret" TEXT NULL DEFAULT NULL,
	"two_factor_recovery_codes" TEXT NULL DEFAULT NULL,
	PRIMARY KEY ("id"),
	UNIQUE INDEX "users_email_unique" ("email")
);

-- Dumping data for table public.users: 0 rows
/*!40000 ALTER TABLE "users" DISABLE KEYS */;
INSERT INTO "users" ("id", "name", "email", "email_verified_at", "password", "remember_token", "current_team_id", "profile_photo_path", "created_at", "updated_at", "two_factor_secret", "two_factor_recovery_codes") VALUES
	(1, 'Jerry Manru', 'jerry.voldo@gmail.com', NULL, '$2y$10$Vof8FTGDRl.S3HckI9SDjuKeqr/qgckEg.UKt2G3lrL6MUx4EEree', NULL, NULL, NULL, '2021-09-22 06:29:54', '2021-09-22 06:29:54', NULL, NULL);
/*!40000 ALTER TABLE "users" ENABLE KEYS */;

/*!40101 SET SQL_MODE=IFNULL(@OLD_SQL_MODE, '') */;
/*!40014 SET FOREIGN_KEY_CHECKS=IF(@OLD_FOREIGN_KEY_CHECKS IS NULL, 1, @OLD_FOREIGN_KEY_CHECKS) */;
/*!40101 SET CHARACTER_SET_CLIENT=@OLD_CHARACTER_SET_CLIENT */;
/*!40111 SET SQL_NOTES=@OLD_SQL_NOTES */;
